materialID;quantity;netValue;orderID;item
19717113073;16;828.81;6101dfb0-3043-4bea-a06f-4b43b0ad0bde;10
35886835968;19;201.39;6101dfb0-3043-4bea-a06f-4b43b0ad0bde;20
16288277491;12;137.26;6101dfb0-3043-4bea-a06f-4b43b0ad0bde;30
30405312865;2;701.80;6101dfb0-3043-4bea-a06f-4b43b0ad0bde;40
19717113073;15;469.62;6101dfb0-3043-4bea-a06f-4b43b0ad0bde;50
19717113073;4;845.46;6101dfb0-3043-4bea-a06f-4b43b0ad0bde;60
31246484546;16;778.75;6101dfb0-3043-4bea-a06f-4b43b0ad0bde;70
30405312865;3;692.06;b550afa6-29e5-49d3-9057-fdec9f7f5dbb;10
32566663374;18;689.54;b550afa6-29e5-49d3-9057-fdec9f7f5dbb;20
19717113073;9;708.47;b550afa6-29e5-49d3-9057-fdec9f7f5dbb;30
30375770254;13;974.69;b550afa6-29e5-49d3-9057-fdec9f7f5dbb;40
56268968917;13;312.07;a6105f5a-0faa-43cd-88a5-995bcb7bbe20;10
32092245510;12;978.12;8c3f4433-0bed-4a59-aa5e-7ba3675bb8ed;10
16288277491;6;357.37;8c3f4433-0bed-4a59-aa5e-7ba3675bb8ed;20
19717113073;19;618.67;8c3f4433-0bed-4a59-aa5e-7ba3675bb8ed;30
17849132717;16;206.06;8c3f4433-0bed-4a59-aa5e-7ba3675bb8ed;40
32566663374;5;66.94;8c3f4433-0bed-4a59-aa5e-7ba3675bb8ed;50
10017372582;7;540.73;8c3f4433-0bed-4a59-aa5e-7ba3675bb8ed;60
35886835968;19;356.38;8c3f4433-0bed-4a59-aa5e-7ba3675bb8ed;70
16959126282;15;109.33;a0017036-5af2-4094-957f-81a3a0ea11a7;10
30375770254;19;532.44;a0017036-5af2-4094-957f-81a3a0ea11a7;20
32092245510;19;273.75;a0017036-5af2-4094-957f-81a3a0ea11a7;30
17849132717;18;193.27;a0017036-5af2-4094-957f-81a3a0ea11a7;40
17849132717;16;616.57;a0017036-5af2-4094-957f-81a3a0ea11a7;50
31246484546;6;137.31;5dfb3d49-9a12-426d-87b9-9369e7ade7a7;10
64353856379;3;96.60;5dfb3d49-9a12-426d-87b9-9369e7ade7a7;20
35886835968;15;806.94;5dfb3d49-9a12-426d-87b9-9369e7ade7a7;30
79572410509;12;989.88;5dfb3d49-9a12-426d-87b9-9369e7ade7a7;40
34381947026;10;508.82;5dfb3d49-9a12-426d-87b9-9369e7ade7a7;50
16959126282;6;968.79;1f023926-2d7b-463c-8c82-d82c56667b46;10
17849132717;2;342.23;1f023926-2d7b-463c-8c82-d82c56667b46;20
56268968917;11;175.39;1f023926-2d7b-463c-8c82-d82c56667b46;30
32092245510;10;760.56;1f023926-2d7b-463c-8c82-d82c56667b46;40
56268968917;10;932.97;1f023926-2d7b-463c-8c82-d82c56667b46;50
11478353154;16;10.31;1f023926-2d7b-463c-8c82-d82c56667b46;60
70483259670;3;181.16;1f023926-2d7b-463c-8c82-d82c56667b46;70
64966745023;12;526.89;1f023926-2d7b-463c-8c82-d82c56667b46;80
32566663374;4;936.77;1f023926-2d7b-463c-8c82-d82c56667b46;90
72351590786;16;684.22;97a697be-ad96-4582-99b6-3d0b9756d197;10
64353856379;6;969.15;97a697be-ad96-4582-99b6-3d0b9756d197;20
32092245510;7;994.57;97a697be-ad96-4582-99b6-3d0b9756d197;30
17849132717;3;277.36;687cabe6-5a56-4d92-b80e-fdee96617cce;10
34381947026;3;981.08;687cabe6-5a56-4d92-b80e-fdee96617cce;20
64353856379;3;563.80;687cabe6-5a56-4d92-b80e-fdee96617cce;30
65992347784;16;94.82;687cabe6-5a56-4d92-b80e-fdee96617cce;40
31246484546;6;27.64;687cabe6-5a56-4d92-b80e-fdee96617cce;50
34381947026;7;881.41;687cabe6-5a56-4d92-b80e-fdee96617cce;60
79170595910;9;819.12;687cabe6-5a56-4d92-b80e-fdee96617cce;70
35886835968;1;790.28;3b3c202b-c0d5-4b4f-8622-de35a9100db6;10
32566663374;11;1.57;3b3c202b-c0d5-4b4f-8622-de35a9100db6;20
17066276330;9;442.42;3b3c202b-c0d5-4b4f-8622-de35a9100db6;30
19717113073;3;192.75;3b3c202b-c0d5-4b4f-8622-de35a9100db6;40
79170595910;19;499.47;3b3c202b-c0d5-4b4f-8622-de35a9100db6;50
65992347784;18;200.13;3b3c202b-c0d5-4b4f-8622-de35a9100db6;60
34381947026;2;722.36;3b3c202b-c0d5-4b4f-8622-de35a9100db6;70
79572410509;5;112.14;3b3c202b-c0d5-4b4f-8622-de35a9100db6;80
17066276330;14;864.67;3b3c202b-c0d5-4b4f-8622-de35a9100db6;90
38390933678;12;974.86;283b207d-0820-4905-9db9-2a54258339a5;10
38390933678;11;456.58;283b207d-0820-4905-9db9-2a54258339a5;20
70483259670;16;237.44;283b207d-0820-4905-9db9-2a54258339a5;30
79170595910;16;172.46;283b207d-0820-4905-9db9-2a54258339a5;40
17849132717;2;328.48;283b207d-0820-4905-9db9-2a54258339a5;50
31971973074;20;47.10;283b207d-0820-4905-9db9-2a54258339a5;60
15224894451;2;217.36;283b207d-0820-4905-9db9-2a54258339a5;70
30405312865;9;787.78;283b207d-0820-4905-9db9-2a54258339a5;80
15224894451;16;709.33;283b207d-0820-4905-9db9-2a54258339a5;90
35886835968;11;754.46;283b207d-0820-4905-9db9-2a54258339a5;100
30405312865;14;273.00;f2d8d340-c3ce-455c-9231-88716cb46031;10
35886835968;2;397.06;f2d8d340-c3ce-455c-9231-88716cb46031;20
32092245510;10;162.14;f2d8d340-c3ce-455c-9231-88716cb46031;30
38390933678;15;673.23;f2d8d340-c3ce-455c-9231-88716cb46031;40
72351590786;10;832.48;f2d8d340-c3ce-455c-9231-88716cb46031;50
15224894451;15;135.19;f2d8d340-c3ce-455c-9231-88716cb46031;60
15224894451;4;447.34;f2d8d340-c3ce-455c-9231-88716cb46031;70
16288277491;17;566.87;f2d8d340-c3ce-455c-9231-88716cb46031;80
30405312865;19;303.40;f2d8d340-c3ce-455c-9231-88716cb46031;90
32566663374;6;431.66;78766f99-2da6-4651-9478-cddec05ce956;10
32092245510;11;638.70;78766f99-2da6-4651-9478-cddec05ce956;20
32092245510;16;998.99;78766f99-2da6-4651-9478-cddec05ce956;30
30405312865;8;473.95;a56d9ef2-e415-4f15-9b88-c55097e24942;10
16959126282;5;937.49;a56d9ef2-e415-4f15-9b88-c55097e24942;20
35886835968;14;677.43;a56d9ef2-e415-4f15-9b88-c55097e24942;30
14020485200;11;849.48;9a182b81-9e8c-41e9-8c69-1e6fa41b2a0f;10
79572410509;2;659.48;9a182b81-9e8c-41e9-8c69-1e6fa41b2a0f;20
14020485200;18;255.54;9a182b81-9e8c-41e9-8c69-1e6fa41b2a0f;30
13473153964;4;952.13;9a182b81-9e8c-41e9-8c69-1e6fa41b2a0f;40
67944039935;2;112.70;9a182b81-9e8c-41e9-8c69-1e6fa41b2a0f;50
34381947026;16;38.01;9a182b81-9e8c-41e9-8c69-1e6fa41b2a0f;60
54170269435;10;144.33;9a182b81-9e8c-41e9-8c69-1e6fa41b2a0f;70
64966745023;7;973.45;9a182b81-9e8c-41e9-8c69-1e6fa41b2a0f;80
35886835968;17;642.32;9a182b81-9e8c-41e9-8c69-1e6fa41b2a0f;90
72351590786;13;570.36;aaf27611-6f60-4e97-937c-b6fb758b3023;10
17849132717;16;127.43;aaf27611-6f60-4e97-937c-b6fb758b3023;20
30405312865;15;172.55;aaf27611-6f60-4e97-937c-b6fb758b3023;30
79170595910;16;53.59;aaf27611-6f60-4e97-937c-b6fb758b3023;40
13473153964;10;351.38;aaf27611-6f60-4e97-937c-b6fb758b3023;50
34381947026;13;897.88;aaf27611-6f60-4e97-937c-b6fb758b3023;60
32566663374;4;496.59;aaf27611-6f60-4e97-937c-b6fb758b3023;70
14020485200;18;325.33;aaf27611-6f60-4e97-937c-b6fb758b3023;80
32092245510;19;134.59;aaf27611-6f60-4e97-937c-b6fb758b3023;90
64353856379;5;917.98;d62e3a2b-48c0-4345-b871-f8ae6189ccaf;10
17849132717;11;708.97;d62e3a2b-48c0-4345-b871-f8ae6189ccaf;20
56268968917;3;697.53;6f2c02f8-2783-45ab-9141-1aa029ee739e;10
17849132717;15;613.36;6f2c02f8-2783-45ab-9141-1aa029ee739e;20
35886835968;9;88.18;6f2c02f8-2783-45ab-9141-1aa029ee739e;30
15224894451;20;482.68;6f2c02f8-2783-45ab-9141-1aa029ee739e;40
79572410509;5;370.41;6f2c02f8-2783-45ab-9141-1aa029ee739e;50
54170269435;2;230.88;6f2c02f8-2783-45ab-9141-1aa029ee739e;60
31246484546;6;286.67;6f2c02f8-2783-45ab-9141-1aa029ee739e;70
34381947026;3;150.76;6f2c02f8-2783-45ab-9141-1aa029ee739e;80
13473153964;1;797.16;937a6967-4346-4dfd-98e9-6dac740e3edb;10
16288277491;15;850.66;937a6967-4346-4dfd-98e9-6dac740e3edb;20
35886835968;11;324.40;70933a76-4afa-4c5c-a8a0-aaa745fea0b1;10
19717113073;17;492.43;70933a76-4afa-4c5c-a8a0-aaa745fea0b1;20
31971973074;9;916.37;70933a76-4afa-4c5c-a8a0-aaa745fea0b1;30
64966745023;6;457.37;70933a76-4afa-4c5c-a8a0-aaa745fea0b1;40
30405312865;9;634.68;70933a76-4afa-4c5c-a8a0-aaa745fea0b1;50
38711038406;5;766.75;70933a76-4afa-4c5c-a8a0-aaa745fea0b1;60
67944039935;18;698.48;973f43a8-dfa4-437d-9201-e97c4ee1f7a1;10
17066276330;15;858.05;973f43a8-dfa4-437d-9201-e97c4ee1f7a1;20
38711038406;10;827.36;973f43a8-dfa4-437d-9201-e97c4ee1f7a1;30
67944039935;5;147.68;973f43a8-dfa4-437d-9201-e97c4ee1f7a1;40
38711038406;13;630.23;973f43a8-dfa4-437d-9201-e97c4ee1f7a1;50
10017372582;3;567.36;973f43a8-dfa4-437d-9201-e97c4ee1f7a1;60
79572410509;9;971.04;973f43a8-dfa4-437d-9201-e97c4ee1f7a1;70
38711038406;19;746.68;973f43a8-dfa4-437d-9201-e97c4ee1f7a1;80
56268968917;9;772.66;973f43a8-dfa4-437d-9201-e97c4ee1f7a1;90
72351590786;17;750.04;09264fad-daeb-4007-bea9-17586eefe062;10
15224894451;20;249.13;09264fad-daeb-4007-bea9-17586eefe062;20
31246484546;8;771.85;09264fad-daeb-4007-bea9-17586eefe062;30
31971973074;6;554.42;0143ca25-f0bc-4751-b066-96124c4e649c;10
64966745023;8;491.89;0143ca25-f0bc-4751-b066-96124c4e649c;20
38711038406;5;964.32;0143ca25-f0bc-4751-b066-96124c4e649c;30
32092245510;14;173.64;0143ca25-f0bc-4751-b066-96124c4e649c;40
54170269435;17;941.56;23222084-86b2-48fc-b4d6-c2a1c368021a;10
11478353154;17;672.93;23222084-86b2-48fc-b4d6-c2a1c368021a;20
79572410509;9;368.52;23222084-86b2-48fc-b4d6-c2a1c368021a;30
56268968917;13;442.89;b57caff8-5140-4449-9a68-b58a672ae164;10
72351590786;2;13.89;b57caff8-5140-4449-9a68-b58a672ae164;20
11478353154;3;72.34;b57caff8-5140-4449-9a68-b58a672ae164;30
56268968917;3;788.93;67480522-3a39-437e-9e4c-d02b0442e75d;10
38711038406;16;810.73;67480522-3a39-437e-9e4c-d02b0442e75d;20
35886835968;3;730.86;67480522-3a39-437e-9e4c-d02b0442e75d;30
16959126282;18;278.19;67480522-3a39-437e-9e4c-d02b0442e75d;40
32566663374;19;185.54;67480522-3a39-437e-9e4c-d02b0442e75d;50
16959126282;9;525.34;3c36a4a8-f56a-4eef-83aa-87e20f3fcb6b;10
17066276330;13;109.55;3c36a4a8-f56a-4eef-83aa-87e20f3fcb6b;20
30405312865;18;910.68;3c36a4a8-f56a-4eef-83aa-87e20f3fcb6b;30
15224894451;16;204.97;3c36a4a8-f56a-4eef-83aa-87e20f3fcb6b;40
34381947026;11;306.12;3c36a4a8-f56a-4eef-83aa-87e20f3fcb6b;50
38390933678;13;830.59;3c36a4a8-f56a-4eef-83aa-87e20f3fcb6b;60
34381947026;2;46.74;3c36a4a8-f56a-4eef-83aa-87e20f3fcb6b;70
16959126282;16;542.43;b6483218-098e-4e75-a46a-0a70ce16b9ad;10
14020485200;8;741.74;b6483218-098e-4e75-a46a-0a70ce16b9ad;20
14020485200;5;349.30;b6483218-098e-4e75-a46a-0a70ce16b9ad;30
14020485200;2;603.81;b6483218-098e-4e75-a46a-0a70ce16b9ad;40
31246484546;9;189.86;9907b252-b124-4844-aba3-408cb8cc658a;10
31246484546;5;221.53;3a0102dc-fb65-4f92-b278-1cada0a29d00;10
54170269435;1;800.29;3a0102dc-fb65-4f92-b278-1cada0a29d00;20
15224894451;12;22.09;2b6ccc04-1421-42fe-9ee6-abeb51cf96a8;10
19717113073;16;814.47;2b6ccc04-1421-42fe-9ee6-abeb51cf96a8;20
38711038406;20;405.32;2b6ccc04-1421-42fe-9ee6-abeb51cf96a8;30
13473153964;15;623.97;2b6ccc04-1421-42fe-9ee6-abeb51cf96a8;40
15224894451;6;56.93;2b6ccc04-1421-42fe-9ee6-abeb51cf96a8;50
32092245510;12;54.94;2b6ccc04-1421-42fe-9ee6-abeb51cf96a8;60
30405312865;15;171.77;2b6ccc04-1421-42fe-9ee6-abeb51cf96a8;70
10017372582;15;890.15;2b6ccc04-1421-42fe-9ee6-abeb51cf96a8;80
56268968917;2;244.54;ca0b0ca9-0a2d-474d-a34a-b07cb5faf65f;10
13473153964;20;500.44;ca0b0ca9-0a2d-474d-a34a-b07cb5faf65f;20
64353856379;9;391.87;ca0b0ca9-0a2d-474d-a34a-b07cb5faf65f;30
32092245510;4;562.06;ca0b0ca9-0a2d-474d-a34a-b07cb5faf65f;40
64353856379;14;169.90;ca0b0ca9-0a2d-474d-a34a-b07cb5faf65f;50
79170595910;9;444.83;adea3ebe-e69f-4041-861d-f19299535d94;10
15224894451;15;258.47;adea3ebe-e69f-4041-861d-f19299535d94;20
30405312865;14;185.83;adea3ebe-e69f-4041-861d-f19299535d94;30
35886835968;7;870.65;adea3ebe-e69f-4041-861d-f19299535d94;40
64353856379;12;981.51;adea3ebe-e69f-4041-861d-f19299535d94;50
32092245510;8;579.05;adea3ebe-e69f-4041-861d-f19299535d94;60
16288277491;9;244.66;adea3ebe-e69f-4041-861d-f19299535d94;70
32092245510;6;256.61;95a32c34-9ece-4fc3-b0e7-ecad7061304d;10
34381947026;2;526.28;95a32c34-9ece-4fc3-b0e7-ecad7061304d;20
72351590786;11;595.01;95a32c34-9ece-4fc3-b0e7-ecad7061304d;30
64353856379;15;878.89;95a32c34-9ece-4fc3-b0e7-ecad7061304d;40
15224894451;5;295.45;95a32c34-9ece-4fc3-b0e7-ecad7061304d;50
11478353154;16;683.47;95a32c34-9ece-4fc3-b0e7-ecad7061304d;60
67944039935;3;620.87;95a32c34-9ece-4fc3-b0e7-ecad7061304d;70
32092245510;20;485.18;95a32c34-9ece-4fc3-b0e7-ecad7061304d;80
72351590786;12;651.66;69796cb7-1bbd-4f71-ab42-cc2be0a8ae9c;10
79572410509;8;74.10;69796cb7-1bbd-4f71-ab42-cc2be0a8ae9c;20
17849132717;14;96.95;69796cb7-1bbd-4f71-ab42-cc2be0a8ae9c;30
65992347784;15;3.13;69796cb7-1bbd-4f71-ab42-cc2be0a8ae9c;40
30375770254;14;250.71;b71508e3-083f-46d1-a8f0-c6ecf34dc5d4;10
32092245510;9;603.80;b71508e3-083f-46d1-a8f0-c6ecf34dc5d4;20
13473153964;5;336.09;b71508e3-083f-46d1-a8f0-c6ecf34dc5d4;30
10017372582;5;31.01;b71508e3-083f-46d1-a8f0-c6ecf34dc5d4;40
17849132717;17;980.52;b71508e3-083f-46d1-a8f0-c6ecf34dc5d4;50
79170595910;8;538.09;b71508e3-083f-46d1-a8f0-c6ecf34dc5d4;60
19717113073;12;17.46;b71508e3-083f-46d1-a8f0-c6ecf34dc5d4;70
67944039935;14;773.77;b71508e3-083f-46d1-a8f0-c6ecf34dc5d4;80
79170595910;15;923.07;17a8befc-bfb7-4e7d-bf29-e7b5928bfd88;10
65992347784;16;346.05;17a8befc-bfb7-4e7d-bf29-e7b5928bfd88;20
16288277491;10;227.27;17a8befc-bfb7-4e7d-bf29-e7b5928bfd88;30
15224894451;15;166.47;17a8befc-bfb7-4e7d-bf29-e7b5928bfd88;40
17849132717;9;632.89;17a8befc-bfb7-4e7d-bf29-e7b5928bfd88;50
64966745023;16;793.75;17a8befc-bfb7-4e7d-bf29-e7b5928bfd88;60
54170269435;16;296.00;17a8befc-bfb7-4e7d-bf29-e7b5928bfd88;70
30375770254;18;550.37;17a8befc-bfb7-4e7d-bf29-e7b5928bfd88;80
13473153964;15;576.66;6fb22f0c-f3a3-43e7-85b9-26ac61e04920;10
30405312865;17;488.56;6fb22f0c-f3a3-43e7-85b9-26ac61e04920;20
38390933678;2;820.22;6fb22f0c-f3a3-43e7-85b9-26ac61e04920;30
16959126282;14;336.68;6fb22f0c-f3a3-43e7-85b9-26ac61e04920;40
16959126282;14;972.66;6fb22f0c-f3a3-43e7-85b9-26ac61e04920;50
14020485200;5;178.05;6fb22f0c-f3a3-43e7-85b9-26ac61e04920;60
54170269435;5;309.08;6fb22f0c-f3a3-43e7-85b9-26ac61e04920;70
17849132717;13;989.83;6fb22f0c-f3a3-43e7-85b9-26ac61e04920;80
64353856379;14;229.73;6fb22f0c-f3a3-43e7-85b9-26ac61e04920;90
35886835968;11;433.61;d0923689-3e51-44aa-9103-d01003bf1a9b;10
30375770254;17;165.77;d0923689-3e51-44aa-9103-d01003bf1a9b;20
11478353154;2;704.40;d0923689-3e51-44aa-9103-d01003bf1a9b;30
10017372582;9;618.21;d0923689-3e51-44aa-9103-d01003bf1a9b;40
13473153964;12;224.70;d0923689-3e51-44aa-9103-d01003bf1a9b;50
10017372582;13;303.29;229054a6-95a3-4f0a-989a-8f197d784c80;10
10017372582;19;991.71;229054a6-95a3-4f0a-989a-8f197d784c80;20
65992347784;2;846.97;229054a6-95a3-4f0a-989a-8f197d784c80;30
32566663374;17;546.27;229054a6-95a3-4f0a-989a-8f197d784c80;40
14020485200;6;48.58;229054a6-95a3-4f0a-989a-8f197d784c80;50
38390933678;9;623.24;229054a6-95a3-4f0a-989a-8f197d784c80;60
32092245510;9;419.15;229054a6-95a3-4f0a-989a-8f197d784c80;70
65992347784;12;109.60;15540525-4c76-4964-bd28-e0e716bef77b;10
15224894451;1;197.94;15540525-4c76-4964-bd28-e0e716bef77b;20
31971973074;12;280.78;15540525-4c76-4964-bd28-e0e716bef77b;30
13473153964;9;243.35;f8ec90ba-901e-43db-b348-80fc29feb117;10
14020485200;15;223.19;f8ec90ba-901e-43db-b348-80fc29feb117;20
38390933678;6;209.46;f8ec90ba-901e-43db-b348-80fc29feb117;30
13473153964;8;673.20;636aaaad-bc5e-4f84-89fe-53518004bdb9;10
38390933678;7;281.39;636aaaad-bc5e-4f84-89fe-53518004bdb9;20
72351590786;17;255.90;636aaaad-bc5e-4f84-89fe-53518004bdb9;30
31246484546;13;511.44;636aaaad-bc5e-4f84-89fe-53518004bdb9;40
16288277491;13;437.02;636aaaad-bc5e-4f84-89fe-53518004bdb9;50
17066276330;19;594.09;636aaaad-bc5e-4f84-89fe-53518004bdb9;60
32092245510;13;223.12;636aaaad-bc5e-4f84-89fe-53518004bdb9;70
34381947026;13;80.07;636aaaad-bc5e-4f84-89fe-53518004bdb9;80
14020485200;9;290.61;636aaaad-bc5e-4f84-89fe-53518004bdb9;90
38711038406;6;429.76;a3b239c8-f8c8-4f05-a9b9-e922179078df;10
13473153964;11;595.95;a3b239c8-f8c8-4f05-a9b9-e922179078df;20
64353856379;6;354.03;a3b239c8-f8c8-4f05-a9b9-e922179078df;30
64353856379;2;870.11;ea1be9b6-4cb9-487e-90a1-212c33bebf97;10
30375770254;13;235.61;ea1be9b6-4cb9-487e-90a1-212c33bebf97;20
30375770254;10;254.13;84faa4e1-916d-4e97-bfd6-b3dc1a30381f;10
79572410509;17;567.84;84faa4e1-916d-4e97-bfd6-b3dc1a30381f;20
34381947026;15;307.99;84faa4e1-916d-4e97-bfd6-b3dc1a30381f;30
19717113073;3;128.92;86091b8a-374f-4fa1-8528-0116e6d61d83;10
14020485200;18;458.38;86091b8a-374f-4fa1-8528-0116e6d61d83;20
31246484546;16;587.03;86091b8a-374f-4fa1-8528-0116e6d61d83;30
67944039935;5;243.15;86091b8a-374f-4fa1-8528-0116e6d61d83;40
30375770254;10;460.80;86091b8a-374f-4fa1-8528-0116e6d61d83;50
38711038406;10;847.37;bb27b832-44fd-4ea6-93ed-b6c83c0d4a83;10
32092245510;6;605.00;bb27b832-44fd-4ea6-93ed-b6c83c0d4a83;20
64966745023;9;705.50;bb27b832-44fd-4ea6-93ed-b6c83c0d4a83;30
64353856379;10;627.53;bb27b832-44fd-4ea6-93ed-b6c83c0d4a83;40
32566663374;3;312.96;bb27b832-44fd-4ea6-93ed-b6c83c0d4a83;50
56268968917;15;148.85;bb27b832-44fd-4ea6-93ed-b6c83c0d4a83;60
64966745023;4;412.31;8ff71123-bf2f-4bfd-9302-4bf51f8ba7f6;10
10017372582;3;720.54;8ff71123-bf2f-4bfd-9302-4bf51f8ba7f6;20
64353856379;1;433.44;8ff71123-bf2f-4bfd-9302-4bf51f8ba7f6;30
30405312865;10;250.08;8ff71123-bf2f-4bfd-9302-4bf51f8ba7f6;40
10017372582;12;647.87;8ff71123-bf2f-4bfd-9302-4bf51f8ba7f6;50
15224894451;11;26.37;8ff71123-bf2f-4bfd-9302-4bf51f8ba7f6;60
38390933678;19;696.27;048c3a21-d0de-491f-a706-44554072e7cd;10
15224894451;4;18.39;048c3a21-d0de-491f-a706-44554072e7cd;20
72351590786;2;835.95;048c3a21-d0de-491f-a706-44554072e7cd;30
17066276330;14;177.53;048c3a21-d0de-491f-a706-44554072e7cd;40
17066276330;1;700.29;048c3a21-d0de-491f-a706-44554072e7cd;50
13473153964;16;944.96;048c3a21-d0de-491f-a706-44554072e7cd;60
11478353154;5;499.70;048c3a21-d0de-491f-a706-44554072e7cd;70
56268968917;15;773.29;048c3a21-d0de-491f-a706-44554072e7cd;80
32566663374;13;779.01;21e5ad08-d0d9-42d0-a6f3-6f57b125773e;10
19717113073;4;476.23;21e5ad08-d0d9-42d0-a6f3-6f57b125773e;20
10017372582;10;171.44;21e5ad08-d0d9-42d0-a6f3-6f57b125773e;30
14020485200;17;598.96;21e5ad08-d0d9-42d0-a6f3-6f57b125773e;40
13473153964;1;439.11;21e5ad08-d0d9-42d0-a6f3-6f57b125773e;50
19717113073;4;423.49;21e5ad08-d0d9-42d0-a6f3-6f57b125773e;60
79170595910;9;702.90;21e5ad08-d0d9-42d0-a6f3-6f57b125773e;70
38711038406;17;453.65;21e5ad08-d0d9-42d0-a6f3-6f57b125773e;80
70483259670;15;404.26;21e5ad08-d0d9-42d0-a6f3-6f57b125773e;90
79170595910;14;832.46;b7da62a9-fecb-4815-9a9c-f311b765ce20;10
17066276330;3;931.89;b7da62a9-fecb-4815-9a9c-f311b765ce20;20
16959126282;6;760.31;b7da62a9-fecb-4815-9a9c-f311b765ce20;30
15224894451;19;764.42;b7da62a9-fecb-4815-9a9c-f311b765ce20;40
64966745023;19;39.70;b7da62a9-fecb-4815-9a9c-f311b765ce20;50
38390933678;17;689.91;b7da62a9-fecb-4815-9a9c-f311b765ce20;60
16288277491;13;833.16;b7da62a9-fecb-4815-9a9c-f311b765ce20;70
72351590786;11;722.96;b7da62a9-fecb-4815-9a9c-f311b765ce20;80
79572410509;12;966.25;b7da62a9-fecb-4815-9a9c-f311b765ce20;90
13473153964;9;20.98;14955740-de41-438e-b09f-76d33f7ddc86;10
70483259670;2;391.91;14955740-de41-438e-b09f-76d33f7ddc86;20
17849132717;3;352.80;14955740-de41-438e-b09f-76d33f7ddc86;30
11478353154;5;907.40;648c3211-0add-4803-ac7c-9ac37519e395;10
13473153964;5;359.39;648c3211-0add-4803-ac7c-9ac37519e395;20
13473153964;1;377.18;648c3211-0add-4803-ac7c-9ac37519e395;30
17066276330;16;423.29;2fc6bb5e-5fe1-4e88-96bd-a4aef002e395;10
19717113073;8;734.52;2fc6bb5e-5fe1-4e88-96bd-a4aef002e395;20
64353856379;15;48.28;2fc6bb5e-5fe1-4e88-96bd-a4aef002e395;30
13473153964;10;60.95;2fc6bb5e-5fe1-4e88-96bd-a4aef002e395;40
38711038406;16;759.36;2fc6bb5e-5fe1-4e88-96bd-a4aef002e395;50
34381947026;16;68.95;2fc6bb5e-5fe1-4e88-96bd-a4aef002e395;60
35886835968;19;267.53;2c58c245-7921-4f58-adf5-24f5caedbd4c;10
72351590786;9;583.16;2c58c245-7921-4f58-adf5-24f5caedbd4c;20
30375770254;10;132.66;10939e11-a127-4798-b128-9ca3e7592d1b;10
14020485200;4;438.30;10939e11-a127-4798-b128-9ca3e7592d1b;20
79170595910;7;46.33;10939e11-a127-4798-b128-9ca3e7592d1b;30
15224894451;11;531.39;10939e11-a127-4798-b128-9ca3e7592d1b;40
35886835968;11;972.79;10939e11-a127-4798-b128-9ca3e7592d1b;50
32566663374;10;395.54;f15aedaf-6b2b-485c-8d84-b748e4dc65e6;10
72351590786;14;116.29;f15aedaf-6b2b-485c-8d84-b748e4dc65e6;20
79572410509;6;712.87;f15aedaf-6b2b-485c-8d84-b748e4dc65e6;30
17066276330;9;505.53;f15aedaf-6b2b-485c-8d84-b748e4dc65e6;40
30405312865;16;259.07;f15aedaf-6b2b-485c-8d84-b748e4dc65e6;50
30405312865;10;849.70;f15aedaf-6b2b-485c-8d84-b748e4dc65e6;60
16959126282;2;214.52;f15aedaf-6b2b-485c-8d84-b748e4dc65e6;70
16959126282;16;797.49;1f91bc58-90b0-48ab-b98d-d15d2bdb3a81;10
38711038406;16;312.33;1f91bc58-90b0-48ab-b98d-d15d2bdb3a81;20
79572410509;3;98.55;1f91bc58-90b0-48ab-b98d-d15d2bdb3a81;30
32092245510;15;547.23;1f91bc58-90b0-48ab-b98d-d15d2bdb3a81;40
17066276330;9;756.58;1f91bc58-90b0-48ab-b98d-d15d2bdb3a81;50
11478353154;3;983.98;1f91bc58-90b0-48ab-b98d-d15d2bdb3a81;60
54170269435;6;980.67;d7b7bc0e-832f-4043-ba9b-94d1d59c8eee;10
79572410509;1;716.37;d7b7bc0e-832f-4043-ba9b-94d1d59c8eee;20
32566663374;19;45.93;d7b7bc0e-832f-4043-ba9b-94d1d59c8eee;30
17849132717;8;660.64;d7b7bc0e-832f-4043-ba9b-94d1d59c8eee;40
32092245510;3;260.26;d7b7bc0e-832f-4043-ba9b-94d1d59c8eee;50
34381947026;2;703.94;d7b7bc0e-832f-4043-ba9b-94d1d59c8eee;60
79572410509;15;805.91;d7b7bc0e-832f-4043-ba9b-94d1d59c8eee;70
16288277491;12;46.50;d7b7bc0e-832f-4043-ba9b-94d1d59c8eee;80
17066276330;4;826.39;d7b7bc0e-832f-4043-ba9b-94d1d59c8eee;90
54170269435;3;771.28;0d195476-1418-47a3-b850-560e72043469;10
34381947026;16;773.80;0d195476-1418-47a3-b850-560e72043469;20
14020485200;8;272.22;0d195476-1418-47a3-b850-560e72043469;30
38390933678;12;240.84;0d195476-1418-47a3-b850-560e72043469;40
34381947026;11;943.01;0d195476-1418-47a3-b850-560e72043469;50
32092245510;15;972.27;0d195476-1418-47a3-b850-560e72043469;60
79572410509;3;795.13;0d195476-1418-47a3-b850-560e72043469;70
17849132717;1;154.82;0d195476-1418-47a3-b850-560e72043469;80
79572410509;19;146.13;0d195476-1418-47a3-b850-560e72043469;90
56268968917;20;501.19;b23c15b4-7fba-4045-91d3-7f270832a387;10
64353856379;18;818.65;b23c15b4-7fba-4045-91d3-7f270832a387;20
64966745023;18;642.80;b23c15b4-7fba-4045-91d3-7f270832a387;30
31971973074;17;396.62;b23c15b4-7fba-4045-91d3-7f270832a387;40
30375770254;16;743.87;b23c15b4-7fba-4045-91d3-7f270832a387;50
30405312865;7;908.49;b23c15b4-7fba-4045-91d3-7f270832a387;60
16288277491;19;718.27;b23c15b4-7fba-4045-91d3-7f270832a387;70
31971973074;4;580.38;b23c15b4-7fba-4045-91d3-7f270832a387;80
16288277491;19;488.89;b23c15b4-7fba-4045-91d3-7f270832a387;90
30375770254;11;56.69;2e12261b-6303-4485-9fe8-6f6e83dbeab4;10
64353856379;8;526.97;2e12261b-6303-4485-9fe8-6f6e83dbeab4;20
56268968917;15;541.89;2e12261b-6303-4485-9fe8-6f6e83dbeab4;30
56268968917;8;892.25;2e12261b-6303-4485-9fe8-6f6e83dbeab4;40
56268968917;18;95.50;9351caff-9826-40d1-9007-1eb671d95901;10
65992347784;19;609.32;9351caff-9826-40d1-9007-1eb671d95901;20
17849132717;15;291.16;9351caff-9826-40d1-9007-1eb671d95901;30
32566663374;10;47.24;9351caff-9826-40d1-9007-1eb671d95901;40
32566663374;13;124.57;9351caff-9826-40d1-9007-1eb671d95901;50
79572410509;8;877.46;6a0b990c-2405-4a44-8a95-034a26ca5ba3;10
32566663374;3;424.48;6a0b990c-2405-4a44-8a95-034a26ca5ba3;20
64353856379;3;921.15;6a0b990c-2405-4a44-8a95-034a26ca5ba3;30
35886835968;15;688.95;6a0b990c-2405-4a44-8a95-034a26ca5ba3;40
32566663374;5;12.75;6a0b990c-2405-4a44-8a95-034a26ca5ba3;50
70483259670;17;480.55;6a0b990c-2405-4a44-8a95-034a26ca5ba3;60
70483259670;17;363.87;6a0b990c-2405-4a44-8a95-034a26ca5ba3;70
56268968917;3;125.28;6a0b990c-2405-4a44-8a95-034a26ca5ba3;80
34381947026;6;590.60;6a0b990c-2405-4a44-8a95-034a26ca5ba3;90
70483259670;3;951.42;3c7630d9-5ee2-43b4-b4e2-9139be536dca;10
79170595910;18;43.96;3c7630d9-5ee2-43b4-b4e2-9139be536dca;20
10017372582;14;654.04;3c7630d9-5ee2-43b4-b4e2-9139be536dca;30
34381947026;3;887.08;3c7630d9-5ee2-43b4-b4e2-9139be536dca;40
19717113073;13;184.03;3c7630d9-5ee2-43b4-b4e2-9139be536dca;50
79170595910;7;745.88;3c7630d9-5ee2-43b4-b4e2-9139be536dca;60
54170269435;7;676.30;3c7630d9-5ee2-43b4-b4e2-9139be536dca;70
15224894451;18;303.29;3c7630d9-5ee2-43b4-b4e2-9139be536dca;80
32566663374;5;436.61;edac1aee-fe8a-4e73-8fb4-4900e4f63c08;10
11478353154;10;605.19;edac1aee-fe8a-4e73-8fb4-4900e4f63c08;20
79572410509;14;136.40;edac1aee-fe8a-4e73-8fb4-4900e4f63c08;30
19717113073;14;88.65;edac1aee-fe8a-4e73-8fb4-4900e4f63c08;40
38711038406;2;257.19;edac1aee-fe8a-4e73-8fb4-4900e4f63c08;50
14020485200;13;938.91;edac1aee-fe8a-4e73-8fb4-4900e4f63c08;60
32092245510;2;92.59;edac1aee-fe8a-4e73-8fb4-4900e4f63c08;70
14020485200;12;854.76;edac1aee-fe8a-4e73-8fb4-4900e4f63c08;80
16288277491;18;756.95;c7e63311-601b-437f-a339-96fb3a87128b;10
64353856379;14;652.63;c7e63311-601b-437f-a339-96fb3a87128b;20
15224894451;9;956.37;c7e63311-601b-437f-a339-96fb3a87128b;30
56268968917;16;685.77;c7e63311-601b-437f-a339-96fb3a87128b;40
65992347784;2;653.70;c7e63311-601b-437f-a339-96fb3a87128b;50
34381947026;1;661.45;c7e63311-601b-437f-a339-96fb3a87128b;60
32566663374;6;708.94;c7e63311-601b-437f-a339-96fb3a87128b;70
15224894451;14;232.30;c7e63311-601b-437f-a339-96fb3a87128b;80
17066276330;17;584.55;8b68c651-fdd9-4d2b-8483-c0a384adf691;10
31971973074;3;483.18;8b68c651-fdd9-4d2b-8483-c0a384adf691;20
32092245510;16;163.15;8b68c651-fdd9-4d2b-8483-c0a384adf691;30
67944039935;13;345.40;8b68c651-fdd9-4d2b-8483-c0a384adf691;40
31971973074;6;361.04;8b68c651-fdd9-4d2b-8483-c0a384adf691;50
64353856379;10;853.02;6c445888-9375-4dc2-bea1-85dbf126e183;10
38390933678;3;486.26;6c445888-9375-4dc2-bea1-85dbf126e183;20
65992347784;4;809.16;6c445888-9375-4dc2-bea1-85dbf126e183;30
54170269435;12;755.66;6c445888-9375-4dc2-bea1-85dbf126e183;40
14020485200;4;560.02;6c445888-9375-4dc2-bea1-85dbf126e183;50
79572410509;18;214.59;6c445888-9375-4dc2-bea1-85dbf126e183;60
38711038406;16;411.42;6c445888-9375-4dc2-bea1-85dbf126e183;70
79572410509;17;857.62;6c445888-9375-4dc2-bea1-85dbf126e183;80
17066276330;5;225.87;6c445888-9375-4dc2-bea1-85dbf126e183;90
64353856379;3;208.79;f4e08a29-ad52-471f-a4e9-acfccb294cd9;10
64966745023;13;11.93;f4e08a29-ad52-471f-a4e9-acfccb294cd9;20
16959126282;4;606.81;f4e08a29-ad52-471f-a4e9-acfccb294cd9;30
65992347784;17;69.38;f4e08a29-ad52-471f-a4e9-acfccb294cd9;40
38390933678;15;824.63;f4e08a29-ad52-471f-a4e9-acfccb294cd9;50
64353856379;8;431.71;4072b3e0-922b-4c66-a682-3913f4499cfd;10
10017372582;8;888.06;4072b3e0-922b-4c66-a682-3913f4499cfd;20
70483259670;1;348.22;f5d63ce1-de1c-4e12-8a41-2bc2117e379a;10
17849132717;13;92.15;f5d63ce1-de1c-4e12-8a41-2bc2117e379a;20
17066276330;18;968.38;dc5c8f84-c5a4-4dad-8f32-08400d545721;10
19717113073;14;758.70;dc5c8f84-c5a4-4dad-8f32-08400d545721;20
13473153964;6;470.28;dc5c8f84-c5a4-4dad-8f32-08400d545721;30
56268968917;2;92.41;dc5c8f84-c5a4-4dad-8f32-08400d545721;40
34381947026;9;630.54;dc5c8f84-c5a4-4dad-8f32-08400d545721;50
30375770254;16;775.67;dc5c8f84-c5a4-4dad-8f32-08400d545721;60
34381947026;12;765.58;dc5c8f84-c5a4-4dad-8f32-08400d545721;70
65992347784;10;488.62;dc5c8f84-c5a4-4dad-8f32-08400d545721;80
32566663374;9;464.63;dc5c8f84-c5a4-4dad-8f32-08400d545721;90
64966745023;15;250.31;dc5c8f84-c5a4-4dad-8f32-08400d545721;100
64966745023;9;274.88;c257ca35-4c00-480a-a5de-bab58f9a4863;10
31971973074;15;873.78;c257ca35-4c00-480a-a5de-bab58f9a4863;20
79170595910;14;87.53;c257ca35-4c00-480a-a5de-bab58f9a4863;30
19717113073;15;144.11;c257ca35-4c00-480a-a5de-bab58f9a4863;40
30375770254;17;635.99;c257ca35-4c00-480a-a5de-bab58f9a4863;50
38390933678;13;100.76;c257ca35-4c00-480a-a5de-bab58f9a4863;60
19717113073;3;808.72;44cda1d3-7381-4e8c-95f9-d777f0da6e07;10
64353856379;2;88.57;44cda1d3-7381-4e8c-95f9-d777f0da6e07;20
16959126282;8;527.27;44cda1d3-7381-4e8c-95f9-d777f0da6e07;30
13473153964;10;851.97;44cda1d3-7381-4e8c-95f9-d777f0da6e07;40
67944039935;13;439.13;44cda1d3-7381-4e8c-95f9-d777f0da6e07;50
16959126282;20;844.71;44cda1d3-7381-4e8c-95f9-d777f0da6e07;60
38390933678;13;84.46;44cda1d3-7381-4e8c-95f9-d777f0da6e07;70
10017372582;19;447.80;44cda1d3-7381-4e8c-95f9-d777f0da6e07;80
13473153964;16;601.75;44cda1d3-7381-4e8c-95f9-d777f0da6e07;90
64353856379;3;909.30;d73cb89b-2d38-4194-9fd5-466e96e22f3d;10
34381947026;18;947.69;d73cb89b-2d38-4194-9fd5-466e96e22f3d;20
17849132717;18;205.21;d73cb89b-2d38-4194-9fd5-466e96e22f3d;30
13473153964;11;436.36;d73cb89b-2d38-4194-9fd5-466e96e22f3d;40
72351590786;14;988.62;d73cb89b-2d38-4194-9fd5-466e96e22f3d;50
30405312865;17;614.04;d73cb89b-2d38-4194-9fd5-466e96e22f3d;60
17066276330;18;461.55;d73cb89b-2d38-4194-9fd5-466e96e22f3d;70
17849132717;5;22.77;d2a316df-28ce-4925-8dd6-7b40a460d2b6;10
14020485200;16;894.95;d2a316df-28ce-4925-8dd6-7b40a460d2b6;20
67944039935;1;234.11;d2a316df-28ce-4925-8dd6-7b40a460d2b6;30
15224894451;18;180.58;d2a316df-28ce-4925-8dd6-7b40a460d2b6;40
38711038406;19;895.91;d2a316df-28ce-4925-8dd6-7b40a460d2b6;50
31971973074;17;667.26;d2a316df-28ce-4925-8dd6-7b40a460d2b6;60
34381947026;5;616.73;d2a316df-28ce-4925-8dd6-7b40a460d2b6;70
34381947026;2;501.10;d2a316df-28ce-4925-8dd6-7b40a460d2b6;80
67944039935;5;865.63;8a8d2434-f5e9-4f8a-aa44-73511fc81162;10
64966745023;8;179.97;8a8d2434-f5e9-4f8a-aa44-73511fc81162;20
14020485200;9;637.93;8a8d2434-f5e9-4f8a-aa44-73511fc81162;30
15224894451;19;658.47;8a8d2434-f5e9-4f8a-aa44-73511fc81162;40
64966745023;13;622.74;8a8d2434-f5e9-4f8a-aa44-73511fc81162;50
64966745023;8;788.38;8a8d2434-f5e9-4f8a-aa44-73511fc81162;60
72351590786;8;804.73;8a8d2434-f5e9-4f8a-aa44-73511fc81162;70
70483259670;18;30.69;8a8d2434-f5e9-4f8a-aa44-73511fc81162;80
35886835968;18;45.41;8a8d2434-f5e9-4f8a-aa44-73511fc81162;90
17066276330;3;84.49;e21a10cf-982d-4ea9-b823-007a81724efe;10
34381947026;10;72.62;e21a10cf-982d-4ea9-b823-007a81724efe;20
79572410509;19;714.56;e21a10cf-982d-4ea9-b823-007a81724efe;30
10017372582;18;256.63;e21a10cf-982d-4ea9-b823-007a81724efe;40
67944039935;14;347.24;e21a10cf-982d-4ea9-b823-007a81724efe;50
79170595910;15;506.10;e21a10cf-982d-4ea9-b823-007a81724efe;60
34381947026;6;60.86;be5e51fb-9229-4e2d-b257-8caa5def9c39;10
13473153964;9;928.41;be5e51fb-9229-4e2d-b257-8caa5def9c39;20
16288277491;8;37.44;be5e51fb-9229-4e2d-b257-8caa5def9c39;30
16959126282;17;368.30;be5e51fb-9229-4e2d-b257-8caa5def9c39;40
32092245510;4;415.34;be5e51fb-9229-4e2d-b257-8caa5def9c39;50
19717113073;15;582.84;be5e51fb-9229-4e2d-b257-8caa5def9c39;60
17849132717;4;192.92;cf5b6898-b89f-4127-9ba9-39f3e4e09170;10
72351590786;14;593.21;cf5b6898-b89f-4127-9ba9-39f3e4e09170;20
70483259670;5;385.11;cf5b6898-b89f-4127-9ba9-39f3e4e09170;30
15224894451;13;69.01;cf5b6898-b89f-4127-9ba9-39f3e4e09170;40
65992347784;12;254.42;cf5b6898-b89f-4127-9ba9-39f3e4e09170;50
38390933678;10;873.88;cf5b6898-b89f-4127-9ba9-39f3e4e09170;60
30405312865;14;87.36;cf5b6898-b89f-4127-9ba9-39f3e4e09170;70
38390933678;13;960.73;9fe45fb3-a559-4c0e-8aa4-ea920a42b765;10
30405312865;11;607.34;9fe45fb3-a559-4c0e-8aa4-ea920a42b765;20
16959126282;7;419.81;9fe45fb3-a559-4c0e-8aa4-ea920a42b765;30
16288277491;8;976.26;9fe45fb3-a559-4c0e-8aa4-ea920a42b765;40
30375770254;1;675.71;9fe45fb3-a559-4c0e-8aa4-ea920a42b765;50
10017372582;14;506.73;9fe45fb3-a559-4c0e-8aa4-ea920a42b765;60
17849132717;11;727.18;9fe45fb3-a559-4c0e-8aa4-ea920a42b765;70
32566663374;8;961.06;0b33c3c7-9cc9-402a-ba11-09e5524167e9;10
56268968917;18;458.33;0b33c3c7-9cc9-402a-ba11-09e5524167e9;20
17066276330;12;771.20;0b33c3c7-9cc9-402a-ba11-09e5524167e9;30
34381947026;20;196.99;0b33c3c7-9cc9-402a-ba11-09e5524167e9;40
32566663374;16;709.65;0b33c3c7-9cc9-402a-ba11-09e5524167e9;50
13473153964;16;106.33;0b33c3c7-9cc9-402a-ba11-09e5524167e9;60
11478353154;14;821.53;0b33c3c7-9cc9-402a-ba11-09e5524167e9;70
54170269435;9;32.50;0b33c3c7-9cc9-402a-ba11-09e5524167e9;80
32092245510;12;121.51;0b33c3c7-9cc9-402a-ba11-09e5524167e9;90
11478353154;4;476.59;d9853bfa-ba75-4289-90fb-266d77fc145e;10
11478353154;14;707.99;d9853bfa-ba75-4289-90fb-266d77fc145e;20
31971973074;11;181.39;d9853bfa-ba75-4289-90fb-266d77fc145e;30
79572410509;10;684.17;d9853bfa-ba75-4289-90fb-266d77fc145e;40
17066276330;15;885.23;d9853bfa-ba75-4289-90fb-266d77fc145e;50
32566663374;19;56.94;d9853bfa-ba75-4289-90fb-266d77fc145e;60
30405312865;18;814.27;ee414066-5810-4a42-9475-1e9e2a03c06b;10
17849132717;11;208.64;ee414066-5810-4a42-9475-1e9e2a03c06b;20
16959126282;12;19.48;105d14ea-97f4-43e6-8384-cda4f2d172e6;10
14020485200;10;915.04;105d14ea-97f4-43e6-8384-cda4f2d172e6;20
31971973074;7;278.28;105d14ea-97f4-43e6-8384-cda4f2d172e6;30
72351590786;11;888.23;105d14ea-97f4-43e6-8384-cda4f2d172e6;40
19717113073;5;194.54;7a9a2ea7-cb21-47d2-b0c9-dd88b4eecf45;10
16288277491;5;337.95;7a9a2ea7-cb21-47d2-b0c9-dd88b4eecf45;20
38711038406;3;180.01;7a9a2ea7-cb21-47d2-b0c9-dd88b4eecf45;30
34381947026;1;184.62;7a9a2ea7-cb21-47d2-b0c9-dd88b4eecf45;40
34381947026;13;74.77;7a9a2ea7-cb21-47d2-b0c9-dd88b4eecf45;50
32566663374;2;206.60;7a9a2ea7-cb21-47d2-b0c9-dd88b4eecf45;60
32566663374;14;889.53;7a9a2ea7-cb21-47d2-b0c9-dd88b4eecf45;70
64966745023;6;447.88;7a9a2ea7-cb21-47d2-b0c9-dd88b4eecf45;80
34381947026;18;154.74;7a9a2ea7-cb21-47d2-b0c9-dd88b4eecf45;90
31971973074;14;558.27;84b7ce52-33f3-4c5a-bbc8-3f2a8ac7537a;10
72351590786;8;890.53;84b7ce52-33f3-4c5a-bbc8-3f2a8ac7537a;20
64353856379;10;157.20;84b7ce52-33f3-4c5a-bbc8-3f2a8ac7537a;30
79170595910;3;681.69;84b7ce52-33f3-4c5a-bbc8-3f2a8ac7537a;40
65992347784;8;538.37;7ad8ead6-e399-4985-85e8-84c88b529b71;10
32566663374;2;508.40;7ad8ead6-e399-4985-85e8-84c88b529b71;20
30375770254;1;128.09;7ad8ead6-e399-4985-85e8-84c88b529b71;30
17066276330;3;601.71;7ad8ead6-e399-4985-85e8-84c88b529b71;40
65992347784;8;966.65;7ad8ead6-e399-4985-85e8-84c88b529b71;50
34381947026;19;819.61;7ad8ead6-e399-4985-85e8-84c88b529b71;60
64966745023;5;439.17;6eeb83fb-9598-490e-9c69-ee799e938079;10
64966745023;2;819.34;6eeb83fb-9598-490e-9c69-ee799e938079;20
17849132717;13;525.56;6eeb83fb-9598-490e-9c69-ee799e938079;30
54170269435;5;424.38;6eeb83fb-9598-490e-9c69-ee799e938079;40
31971973074;10;786.24;6eeb83fb-9598-490e-9c69-ee799e938079;50
30405312865;1;493.89;6eeb83fb-9598-490e-9c69-ee799e938079;60
19717113073;12;62.14;6eeb83fb-9598-490e-9c69-ee799e938079;70
38711038406;4;768.90;6eeb83fb-9598-490e-9c69-ee799e938079;80
65992347784;10;367.90;6eeb83fb-9598-490e-9c69-ee799e938079;90
72351590786;4;308.90;8a6610f1-b915-477e-ada8-b14f7455162b;10
38711038406;10;183.52;a7dbbf6c-cfa2-41de-bb44-fb472892fcc6;10
16959126282;13;740.68;a7dbbf6c-cfa2-41de-bb44-fb472892fcc6;20
14020485200;3;33.80;a7dbbf6c-cfa2-41de-bb44-fb472892fcc6;30
72351590786;17;937.44;04a25139-8555-4000-afb4-606bd507e1f2;10
13473153964;15;30.49;04a25139-8555-4000-afb4-606bd507e1f2;20
56268968917;13;582.14;04a25139-8555-4000-afb4-606bd507e1f2;30
16959126282;9;897.18;04a25139-8555-4000-afb4-606bd507e1f2;40
32566663374;15;925.85;04a25139-8555-4000-afb4-606bd507e1f2;50
79572410509;9;889.11;04a25139-8555-4000-afb4-606bd507e1f2;60
72351590786;9;250.40;04a25139-8555-4000-afb4-606bd507e1f2;70