orderID;currency;type;soldTo;year;createdAt;status;netValue
06df3ba9-f570-4da6-b2a4-2d96c0eaa404;USD;B;388640;2018;2018-08-09T22:00:00.000Z;CANCELED;11697.97
d2be2c05-c407-4bbb-b265-5e04fa358c3c;EUR;A;319492;2016;2016-06-15T22:00:00.000Z;CANCELED;17434.65
ed760809-2bdf-4aa7-b949-7b321d8747ba;USD;C;174937;2019;2019-04-25T22:00:00.000Z;CANCELED;19573.48
a25eef00-a229-4bfe-8362-6e685e54e8a0;USD;C;388640;2017;2017-06-11T22:00:00.000Z;CLOSED;43600.91
f861056f-6f9e-43b9-a133-0348b29341c4;USD;B;174937;2017;2017-03-15T23:00:00.000Z;CLOSED;10155.14
d72c4ef3-f535-4cc0-8d85-83333eb933b6;USD;A;348189;2017;2017-02-28T23:00:00.000Z;CANCELED;6158.21
52dbda79-2591-4933-a19f-9d393be2753d;USD;B;194002;2017;2017-08-17T22:00:00.000Z;CANCELED;13027.26
394b7927-8ead-4135-85f6-c28f26c8dabf;USD;C;380067;2018;2018-02-04T23:00:00.000Z;CANCELED;8692.21
99f95325-bd0a-4f2e-81cd-f1f0e3798318;USD;A;174937;2017;2017-08-14T22:00:00.000Z;CLOSED;4441.26
a39c2bf1-08ab-415d-9b2d-b08bbce078c5;EUR;A;174937;2020;2020-02-25T23:00:00.000Z;SUSPENDED;40033.12
cc6cd043-6645-49dc-8d2b-33ee54c22545;USD;A;380067;2020;2021-01-09T23:00:00.000Z;CLOSED;29817.87
ed2c5b8d-02f8-4f32-9579-3f4c94853801;EUR;A;348189;2018;2018-09-08T22:00:00.000Z;CLOSED;10284.68
780e4700-b2bd-4d3b-85b1-f3c16e4d3e73;CHF;B;370271;2017;2017-07-22T22:00:00.000Z;CLOSED;32738.07
87f69f57-2ac8-4123-b475-ee697547965f;USD;B;319492;2017;2017-06-14T22:00:00.000Z;CANCELED;18858.05
f9b40f8d-cb7d-40a5-9db9-0a91ea69e590;CHF;B;194002;2016;2016-05-15T22:00:00.000Z;CANCELED;14630.02
cdb8a325-9e51-4fec-a5e4-9f9f17f1ba60;USD;C;348189;2017;2017-08-31T22:00:00.000Z;CANCELED;31739.37
02ea0e8d-aed0-45bd-b2b1-7be3e943ed59;EUR;C;174937;2020;2020-03-09T23:00:00.000Z;IN PROGRESS;21203.05
5e9fabd4-79bc-468b-89aa-aa72938c415a;CHF;B;174937;2016;2016-11-13T23:00:00.000Z;CANCELED;4358.41
95263497-7c37-4399-bacb-d37f0a9f496a;CHF;B;174937;2018;2018-05-12T22:00:00.000Z;CANCELED;13607.53
21503c09-704d-4b80-b116-34da8640b658;USD;B;348189;2016;2016-11-14T23:00:00.000Z;CANCELED;29372.36
da18577e-7426-4f12-8843-19c1298287c6;EUR;B;348189;2019;2019-07-03T22:00:00.000Z;CANCELED;29952.38
5b9648b4-e26f-47eb-8815-90612b05d1b2;USD;B;348189;2019;2019-12-01T23:00:00.000Z;CLOSED;9958.2
dccf064a-b915-4829-b34c-e7b1029e3f62;CHF;B;370271;2017;2017-10-20T22:00:00.000Z;CLOSED;15354.73
2689ddbe-87a8-4e2d-8aae-b59f9100f5cb;CHF;A;128364;2018;2018-09-16T22:00:00.000Z;CANCELED;14424.3
f3bf0267-4171-48c7-a6e6-74d0c24c01d5;USD;B;348189;2016;2016-09-25T22:00:00.000Z;CANCELED;20171.39
1ee21f75-8b2c-426f-bda3-05d2cb70d0d0;CHF;A;370271;2017;2017-09-15T22:00:00.000Z;CLOSED;8379.04
a447b268-bd3a-4460-8aa0-7418de51b70a;USD;A;138803;2019;2019-02-17T23:00:00.000Z;CANCELED;12928.76
2abae912-f1dd-4818-b553-9222b8848d81;EUR;B;138803;2018;2018-11-16T23:00:00.000Z;CLOSED;4772.82
6bf70457-488b-4021-89a6-4831b6721ac9;CHF;B;370271;2017;2017-09-08T22:00:00.000Z;CLOSED;44190.02
75504361-65ec-4904-bd4f-0675eddaf7fd;EUR;A;120358;2017;2017-11-30T23:00:00.000Z;CANCELED;28622.35
c78787b3-18fc-4355-945c-d2b10e830a45;CHF;A;194002;2017;2017-11-19T23:00:00.000Z;CLOSED;16970.61
fd2a583d-ec9e-4f40-ba43-f74535dfb33c;CHF;B;174937;2020;2020-11-08T23:00:00.000Z;IN PROGRESS;5120.77
bdbf7ff2-da20-4852-bd67-0eea39939a3f;USD;B;194002;2018;2018-03-17T23:00:00.000Z;CANCELED;27497.63
20b5209f-862e-4862-9dd5-0910302b9736;USD;B;138803;2019;2019-08-21T22:00:00.000Z;CANCELED;35960.16
aed0ae2c-735a-489e-a8a7-dc78c5433e05;USD;A;380067;2019;2019-07-15T22:00:00.000Z;CANCELED;23014.85
789db0ce-a642-44eb-ab0e-96116a3f57b7;USD;A;380067;2019;2020-01-16T23:00:00.000Z;CANCELED;4381.22
dd7f9cbe-c142-496b-aa32-781cb6dc9101;USD;C;138803;2018;2018-02-05T23:00:00.000Z;CANCELED;14612.29
98edbb41-64c6-4290-964f-9fa92559e499;CHF;B;388640;2018;2018-05-19T22:00:00.000Z;CLOSED;18329.57
49066da3-9cdb-4b17-a07d-c3266fff040d;EUR;B;380067;2017;2018-01-26T23:00:00.000Z;CLOSED;6018.48
bd4d3e33-e117-48f2-9958-f2b5ac9d544f;CHF;B;194002;2018;2018-09-14T22:00:00.000Z;CLOSED;14770.76
c72d89d4-d298-40a3-8cd8-aca9dd179bec;CHF;A;319492;2019;2019-03-07T23:00:00.000Z;CLOSED;29466.26
f0214228-67a9-4bff-8c14-d098720f74c5;USD;B;380067;2017;2017-12-05T23:00:00.000Z;CLOSED;21490.53
17c3913a-bcfb-46f7-8e9e-3963d0ed60a4;EUR;B;128364;2017;2018-01-14T23:00:00.000Z;CANCELED;18653.79
09e24b0b-7b87-4bef-a21b-cdcb85dc8688;USD;B;370271;2017;2017-04-19T22:00:00.000Z;CLOSED;16973.42
07233af7-3801-415d-8a5e-d5141765d3b9;USD;A;370271;2019;2019-02-07T23:00:00.000Z;CLOSED;24874.61
19fb00be-41f9-40ae-a57b-80645ee2aae2;USD;B;174937;2016;2016-05-08T22:00:00.000Z;CANCELED;30772.26
d7df35cd-413f-4b0a-8209-d4f34b4d46d8;CHF;A;348189;2019;2019-07-04T22:00:00.000Z;CANCELED;42857.8
91c51b7b-e145-4fc1-89a4-bd9a940f8299;USD;B;194002;2018;2018-10-26T22:00:00.000Z;CANCELED;15461.35
11452794-9077-439e-931d-9691f665cad8;USD;B;370271;2016;2016-11-14T23:00:00.000Z;CANCELED;19010.69
75f3f6ab-bc88-4f4d-af01-cf65c8dbf7c1;CHF;A;370271;2017;2017-08-14T22:00:00.000Z;CLOSED;18985.04
8c9a8048-cbbe-4373-8aaf-094a3567a5f8;USD;B;174937;2018;2018-02-04T23:00:00.000Z;CANCELED;19705.68
99c262a5-37ee-4df6-91e1-5b7b7f81387b;USD;C;370271;2019;2019-10-24T22:00:00.000Z;CLOSED;20133.19
a4ab90c9-418a-493c-b2ec-b0415f7231cf;CHF;B;194002;2017;2017-12-22T23:00:00.000Z;CLOSED;14380.74
d97c9049-3f62-4bd8-aaf9-a357af79b554;CHF;B;120358;2018;2018-07-31T22:00:00.000Z;CANCELED;30014.24
5538bad0-be48-4dd9-a010-dd733793278c;CHF;A;388640;2019;2019-02-28T23:00:00.000Z;CANCELED;8343.55
1b496d8d-7258-4c4a-b9a1-7351cbdf2f94;EUR;C;128364;2017;2017-07-29T22:00:00.000Z;CANCELED;22451.32
1ead7d7e-d56c-4f15-95a9-0fbcf315f143;USD;B;194002;2019;2019-06-19T22:00:00.000Z;CANCELED;28003.11
5e70140e-5a6a-4525-ac88-a03eb4248f7a;EUR;A;380067;2017;2017-09-12T22:00:00.000Z;CANCELED;20853.22
d4566ebc-501b-4f5f-b7c8-f9762ae5b1ed;EUR;B;138803;2018;2018-04-29T22:00:00.000Z;CLOSED;28069.19
a234d840-b62c-4ca4-bd51-87ef51de61b8;EUR;B;128364;2017;2017-07-06T22:00:00.000Z;CANCELED;12873.18
c9c453b4-df6d-4f3d-a133-d06750a75968;USD;A;370271;2019;2019-07-14T22:00:00.000Z;CANCELED;6519.54
6b0845bf-c1f8-447b-91c1-b66905dedac5;CHF;A;388640;2019;2019-06-30T22:00:00.000Z;CANCELED;32540.32
87f7cd94-ae04-4497-86be-febfb4159227;CHF;C;174937;2016;2016-07-31T22:00:00.000Z;CANCELED;33327.5
06f6f375-6fa0-40f3-8d2b-748e69afd6f1;USD;B;380067;2016;2016-03-20T23:00:00.000Z;CLOSED;8576.22
e768a60b-d714-43c7-a783-fabaf6c4577c;USD;B;138803;2018;2018-11-18T23:00:00.000Z;CANCELED;8017.62
c8cdb68a-5fb1-4677-b7e7-f2cd3bf43e0b;EUR;A;128364;2019;2019-06-18T22:00:00.000Z;CLOSED;23566.04
0a26a64b-ea70-438f-8ffa-6c8699e3a5e2;USD;A;370271;2020;2020-11-30T23:00:00.000Z;CLOSED;10126.95
c557d7e3-ff21-472b-bfa2-5552a384f51e;CHF;A;348189;2017;2017-11-15T23:00:00.000Z;CLOSED;8939.76
92cce4e7-8282-4766-8276-ef7af4575f78;USD;C;370271;2020;2020-02-29T23:00:00.000Z;DELAYED;6565.8
a138b082-5dfa-4a30-b5a6-5d01b5864bc5;USD;B;388640;2017;2017-02-27T23:00:00.000Z;CANCELED;14750.22
61a683c6-1425-4506-a5f3-a4ed8b0d77e7;EUR;C;380067;2019;2019-12-28T23:00:00.000Z;CANCELED;15622.45
f28c0fcf-20ce-466a-b846-881fa443b20a;USD;C;388640;2017;2017-10-19T22:00:00.000Z;CANCELED;28330.17
3f1d72e3-f503-4c46-8e2c-b46c6bde84b4;USD;B;319492;2016;2016-07-02T22:00:00.000Z;CANCELED;13252.95
954caa16-3fd7-48ee-9fc5-b72f04b641a4;USD;B;370271;2018;2018-10-26T22:00:00.000Z;CANCELED;29622.99
2b04097f-6c78-485c-b5b7-e2709b3e7d63;EUR;B;388640;2018;2019-01-12T23:00:00.000Z;CANCELED;25539.4
df36e616-b066-488d-93ff-16186a6460e9;USD;A;319492;2019;2019-08-11T22:00:00.000Z;CANCELED;18729.86
94020ab8-07a8-4450-9c8c-5493bece9801;USD;A;194002;2017;2017-09-06T22:00:00.000Z;CLOSED;40025.5
c3024b9a-ceac-44e8-9918-d56f9f04eb44;EUR;A;120358;2018;2018-05-04T22:00:00.000Z;CANCELED;38168.18
4b9b60fe-6848-410c-9cc3-90f040c5b522;USD;B;319492;2019;2020-01-28T23:00:00.000Z;CANCELED;23464.42
7914c57f-a9c6-49ec-ba2f-c55d230a182d;EUR;B;388640;2017;2017-02-09T23:00:00.000Z;CLOSED;32753.24
08da23c2-5bb6-47db-92c3-365e7992c483;USD;A;388640;2016;2016-06-19T22:00:00.000Z;CLOSED;16424.56
eac1b417-81f5-43bd-8768-2cb1a8004a74;CHF;A;319492;2019;2019-03-20T23:00:00.000Z;CANCELED;51535.73
af28815e-2be1-4ce7-bd03-d18e76e7941b;USD;A;380067;2018;2018-10-29T23:00:00.000Z;CLOSED;17492.09
1a24563c-39ba-4ef1-825b-3201623f5f76;USD;A;138803;2016;2016-04-28T22:00:00.000Z;CANCELED;3862.5
3af41dbd-f37e-4156-940e-9a0c2dd093e3;USD;A;120358;2020;2020-10-02T22:00:00.000Z;CLOSED;11545.56
cdc8dd20-b968-464c-aa95-993ed3f967e2;EUR;A;370271;2018;2018-04-25T22:00:00.000Z;CANCELED;14309.69
ca502542-5dd9-4c81-a6f0-7129dee2be68;USD;A;194002;2018;2018-03-09T23:00:00.000Z;CLOSED;12478.45
47dcc717-33c6-4588-acae-4161489cce1d;USD;A;388640;2020;2020-03-27T23:00:00.000Z;OPEN;24942.44
470cc2cc-54a5-4271-a46e-4860a6bc1cd1;EUR;B;348189;2019;2019-02-13T23:00:00.000Z;CANCELED;16599.95
1a1985cf-c9eb-4423-a3a0-d5e0b33643a1;EUR;B;370271;2016;2016-12-27T23:00:00.000Z;CANCELED;11588.95
72a9ff79-9e68-407d-a5ff-be8ea24695d9;USD;A;388640;2016;2016-07-04T22:00:00.000Z;CANCELED;19633.63
a9f50f8d-4645-49d7-bc86-795305ff277a;EUR;B;380067;2017;2017-02-10T23:00:00.000Z;CLOSED;5525.3
18b500b0-463e-479a-9fa7-ebd91813b889;USD;C;120358;2018;2018-08-18T22:00:00.000Z;CLOSED;2203.42
249f06f4-f9f4-4cb0-8c7a-cd48033db522;CHF;B;319492;2019;2019-09-01T22:00:00.000Z;CANCELED;14501.62
f9b8c0dd-ab96-42dc-8850-cd540cec84f4;EUR;C;194002;2017;2017-05-29T22:00:00.000Z;CLOSED;7211.61
a27eab69-c57d-4b17-aefb-3a84b8f95380;EUR;C;174937;2018;2018-12-31T23:00:00.000Z;CLOSED;11121.44
6cbd3a2f-7b36-497f-bb9b-03aedc852e8d;EUR;B;388640;2016;2016-10-20T22:00:00.000Z;CLOSED;24254.5
884bde0a-6161-4a58-9672-cf23b6b80935;EUR;C;120358;2016;2016-11-27T23:00:00.000Z;CANCELED;16492.33
c9f1883e-1e14-42ea-89f9-93e553f1a7ed;USD;B;174937;2020;2020-04-02T22:00:00.000Z;SUSPENDED;17637.07
bc6e8d15-dfba-4b0c-8bc5-2979990d428b;EUR;A;194002;2018;2018-04-17T22:00:00.000Z;CANCELED;23541.9
9cb34d48-7897-47ee-905e-bf9d772d4fbe;EUR;C;348189;2018;2018-09-20T22:00:00.000Z;CANCELED;18999.27
1f46acd1-eb1a-44e2-bc9e-04893b64e261;EUR;C;138803;2019;2019-09-13T22:00:00.000Z;CLOSED;25243.5
cc6db63b-3e5e-43be-99e3-34b83a157169;EUR;B;370271;2017;2017-05-07T22:00:00.000Z;CLOSED;47292.03
e5e44dad-f562-4db9-bed2-751cf4e6b05f;USD;B;348189;2018;2018-12-01T23:00:00.000Z;CLOSED;2550.73
ffb30ad9-1297-45d4-b140-317f5b50f7c7;USD;C;194002;2018;2018-12-18T23:00:00.000Z;CANCELED;18217.94
ca0a4a30-cb09-455c-8a0a-99dc644113ae;USD;B;120358;2017;2017-07-24T22:00:00.000Z;CANCELED;699.23
852b4b81-9698-46a7-b1a4-2fe30702b76b;USD;A;194002;2017;2017-09-18T22:00:00.000Z;CLOSED;16513.62
b5cceef1-0301-43e1-baf5-2a97a7f755b8;USD;A;388640;2019;2020-01-01T23:00:00.000Z;CLOSED;30358.2
673dd0a0-d31e-43ed-8290-f2aa5652a30d;EUR;B;380067;2019;2019-06-23T22:00:00.000Z;CANCELED;9464.91
b701a85f-5778-48e5-96bc-e9c41d6a3fa5;USD;A;319492;2017;2018-01-29T23:00:00.000Z;CLOSED;36406.98
d224866a-ed2e-4e07-a579-7ba4d98c6413;USD;B;348189;2017;2017-11-17T23:00:00.000Z;CANCELED;21915.44
69f51ff0-be7b-44df-ba22-cfcb38512b43;EUR;B;380067;2016;2016-04-01T22:00:00.000Z;CLOSED;35571.13
f2debc03-e3c2-4586-861d-f12794a510a6;USD;C;370271;2016;2016-08-02T22:00:00.000Z;CLOSED;23090.28
ede67bbb-31d0-4fcf-9a8a-d42e073b909c;EUR;C;138803;2018;2018-06-12T22:00:00.000Z;CLOSED;3170.15
4aff66ce-3c1c-4fb3-be17-2a631b493921;USD;C;388640;2018;2018-11-30T23:00:00.000Z;CLOSED;11965.65
6da64884-b236-428a-ab6d-ec2dbcc0ac41;CHF;A;174937;2017;2017-02-02T23:00:00.000Z;CLOSED;5940.61
31a35a86-1abf-4d14-8099-679465b2a492;USD;B;194002;2016;2016-06-28T22:00:00.000Z;CANCELED;7813.94
c1245358-94f5-4414-a5bd-59320aae13ad;USD;B;380067;2019;2019-07-17T22:00:00.000Z;CLOSED;30261.35
84372e19-70ad-4407-9fc6-eae55c81073e;USD;B;194002;2017;2017-04-16T22:00:00.000Z;CLOSED;7419.96
433c6b97-b049-4cd3-9cc7-4ed3e1a11800;USD;B;138803;2017;2017-09-24T22:00:00.000Z;CANCELED;9766.62
aa865e77-4ed3-4820-b6a0-f24052dfb3ec;USD;B;388640;2017;2017-12-03T23:00:00.000Z;CANCELED;19872.72
d2990533-f14f-4f5f-8cd6-0f7d9b96323e;EUR;A;120358;2018;2018-04-13T22:00:00.000Z;CANCELED;20775.4
66b8102c-7062-4275-a8a0-65547db95922;USD;C;174937;2017;2017-09-17T22:00:00.000Z;CANCELED;17378
fa9a8b17-d25a-4c59-88ea-edda63e06e3d;USD;C;370271;2017;2018-01-30T23:00:00.000Z;CLOSED;24662.75
21f33e1d-97c2-4082-8eb3-4cdb7975c6d4;USD;B;120358;2018;2018-11-19T23:00:00.000Z;CANCELED;21681.87
c1829400-8a12-4b92-9073-5af6d2e1e711;EUR;A;348189;2018;2018-07-03T22:00:00.000Z;CANCELED;24606.98
2b9d2dd2-c43f-4931-b2ec-a7c3a18e3d8c;CHF;B;174937;2016;2016-03-06T23:00:00.000Z;CANCELED;27467.13
ad1faf41-eeaa-4853-ba18-55ebb6a628f6;USD;B;194002;2018;2018-06-01T22:00:00.000Z;CLOSED;39891.32
9367249d-a565-40cb-9628-b14ef4089d50;USD;C;174937;2019;2020-01-03T23:00:00.000Z;CLOSED;15499.58
17b1650e-64d4-4bf2-8f94-6d04c94d4137;USD;B;138803;2019;2019-11-15T23:00:00.000Z;CLOSED;37540.14
94ceac60-3010-4d71-9f73-b6541c9ce898;USD;B;380067;2018;2018-12-14T23:00:00.000Z;CLOSED;26466.84
df5e99c1-3f07-4cfb-9a95-af0b10c3504a;USD;A;138803;2018;2018-11-07T23:00:00.000Z;CANCELED;17248.18
93737e3b-7f35-45fe-a2cb-ace2454891f0;USD;B;194002;2019;2019-06-22T22:00:00.000Z;CLOSED;19442.76
91dbd8b2-7cd4-44e6-9faf-2ba20dca7bb2;EUR;C;174937;2017;2017-06-12T22:00:00.000Z;CANCELED;20053.27
66bfe80b-d91d-4c0c-a312-a6b96227d49b;EUR;B;319492;2018;2018-04-20T22:00:00.000Z;CLOSED;5063.79
08d5eeec-4081-40fe-b320-45382b3058f4;EUR;B;194002;2019;2019-07-10T22:00:00.000Z;CANCELED;37445.35
77e7f41f-0443-4bf9-beae-b8bdd140e490;CHF;C;370271;2016;2016-06-22T22:00:00.000Z;CANCELED;6939.51
ce41648c-f9bd-4d6c-b623-a81cac23fbee;USD;C;194002;2020;2020-06-24T22:00:00.000Z;OPEN;33621.47
e35254f1-d4ee-4a1e-8fb2-49bbe73fb702;USD;C;370271;2016;2016-10-28T22:00:00.000Z;CANCELED;10189.96
2c7f8e88-20b6-4e2c-b5a7-f42b93e97571;USD;B;380067;2016;2016-03-23T23:00:00.000Z;CLOSED;14269.33
b8110eb8-bff5-473a-8e06-c506a2f6d2ae;EUR;C;174937;2018;2018-06-08T22:00:00.000Z;CANCELED;16550.06
f0fc520d-a0bb-46a4-b2ba-f82a15db58b8;USD;B;120358;2020;2020-10-13T22:00:00.000Z;OPEN;14049.19
f20f7274-89f1-49a7-aa90-af6594973848;EUR;A;319492;2018;2019-01-19T23:00:00.000Z;CANCELED;42649.61
22465c00-eb78-4a3f-9cac-ef758922914f;USD;C;388640;2017;2017-11-28T23:00:00.000Z;CANCELED;12060.57
85c84f14-3ea6-4889-b597-e28e4587e01b;EUR;B;348189;2016;2016-02-28T23:00:00.000Z;CANCELED;33655
4b889207-3b7a-4ea7-bcad-1b421840c96d;CHF;B;388640;2018;2018-03-26T22:00:00.000Z;CLOSED;3948.9
1dc8299e-9652-4503-85f2-090ff4624041;CHF;A;120358;2017;2017-04-04T22:00:00.000Z;CLOSED;655.86
a9890ea2-9cbf-4048-987e-478855275cc4;USD;A;380067;2019;2019-11-11T23:00:00.000Z;CLOSED;12610.89
dc838bea-7ec3-4806-a52b-d6a38aebb0d3;EUR;C;380067;2019;2019-06-21T22:00:00.000Z;CLOSED;17736.2
4b8dc7ed-3c74-4514-b00b-ef4e283ededf;USD;C;348189;2018;2018-04-20T22:00:00.000Z;CLOSED;14509.44
c8da02c6-6ea1-44fa-9a1b-964b963c7109;USD;B;174937;2019;2019-08-22T22:00:00.000Z;CLOSED;439.85
767c5b11-b681-4629-992f-333f75e19cbb;CHF;C;388640;2019;2019-04-17T22:00:00.000Z;CLOSED;2875.6
28f63e96-80a7-4a5e-a832-76d9cf51906e;USD;B;194002;2018;2018-03-21T23:00:00.000Z;CANCELED;27245.57
2226546d-086f-4ae5-a958-24ee19897c66;CHF;B;194002;2017;2017-04-19T22:00:00.000Z;CANCELED;36745.87
a87c9530-2206-4a94-ad64-f8f2489d6b80;USD;A;388640;2016;2016-10-12T22:00:00.000Z;CANCELED;5922.14
ee8410b1-1c83-4e1d-804c-24b33b4646b8;USD;B;388640;2019;2019-02-16T23:00:00.000Z;CANCELED;23941.34
797070cb-f171-45ca-a5f4-3c3a9b09f792;USD;B;370271;2017;2017-06-08T22:00:00.000Z;CLOSED;41336.51
cd9e3b3e-a78c-42b0-8519-3853deae3e70;CHF;B;388640;2017;2017-05-17T22:00:00.000Z;CLOSED;2333.4
541e4bdd-8f18-4df2-8d05-4070a6d53227;USD;C;370271;2019;2019-10-13T22:00:00.000Z;CANCELED;10534.4
ef7ac54d-f731-4409-8729-a68d287d4a0d;USD;B;380067;2019;2019-03-26T23:00:00.000Z;CLOSED;41997.52
681f863b-47b9-406a-8ee5-b3dbae19e828;USD;C;120358;2018;2018-10-29T23:00:00.000Z;CANCELED;39014.56
ca451552-b0da-4ff4-b8f6-c0c15894c4a9;USD;A;319492;2019;2019-11-14T23:00:00.000Z;CLOSED;15077.31
968ff6b6-cf31-4580-9d97-6f21735b05c7;USD;B;174937;2017;2017-02-08T23:00:00.000Z;CANCELED;25954.08
b5ad13d4-cccd-4963-a110-adc36d1d1e17;CHF;A;319492;2017;2017-06-02T22:00:00.000Z;CLOSED;31036.31
e6cd1c68-2665-4ecb-b52e-e2b2bc0056fe;USD;A;370271;2017;2017-08-29T22:00:00.000Z;CLOSED;15434.59
24d64c3a-555e-4f7c-b1be-901fd23026b1;EUR;A;388640;2018;2018-10-12T22:00:00.000Z;CLOSED;4678.92
a5ebb554-092f-4a97-839c-37a18a2437ab;USD;B;370271;2019;2019-11-18T23:00:00.000Z;CLOSED;41048.42
afb55b5b-a249-4b7c-b864-86d2831d53f1;CHF;B;138803;2019;2019-03-01T23:00:00.000Z;CLOSED;33140.47
b4e1f843-7dea-4e7c-8259-12414cda626c;USD;A;138803;2016;2017-01-26T23:00:00.000Z;CLOSED;24510.98
c3c5994a-ba05-4347-b0a1-d5c08391d8ea;CHF;A;120358;2019;2019-10-15T22:00:00.000Z;CANCELED;7284.08
875133f1-78d4-4caf-b0ee-f88e3ea5af8d;EUR;C;380067;2020;2020-08-26T22:00:00.000Z;OPEN;26398.59
7db1ceb6-30b0-4047-89e1-faec50749611;USD;A;370271;2018;2018-09-04T22:00:00.000Z;CANCELED;35579.9
cafbf5ee-1c2d-4888-9594-795f1ea66825;USD;A;388640;2020;2020-12-19T23:00:00.000Z;DELAYED;31336.92
1268e6dd-1575-43d4-becf-a159d834f481;CHF;B;194002;2017;2018-01-18T23:00:00.000Z;CLOSED;6380.19
6b4ceca1-ceca-47a5-85c4-bacd10b81102;USD;B;370271;2016;2016-02-01T23:00:00.000Z;CLOSED;26623.15
46f3e124-e086-4fed-b145-23bdd5fc0d3d;CHF;C;348189;2016;2016-02-24T23:00:00.000Z;CANCELED;22003.16
8e5ae325-36c3-409f-a303-016cff1a546b;CHF;A;370271;2019;2019-08-17T22:00:00.000Z;CLOSED;9838.32
00ee6357-3199-42e7-8ed5-9ec30cc4908e;EUR;B;319492;2016;2016-09-08T22:00:00.000Z;CANCELED;37912.39
6a0f05e7-08b2-4bb3-9fd7-e407ca6e9bb0;USD;B;174937;2017;2017-07-08T22:00:00.000Z;CLOSED;15433.05
8eec0b76-59be-48f8-be35-7b32a6b04566;USD;C;370271;2017;2017-12-07T23:00:00.000Z;CANCELED;5799.8
331a0aa2-6117-4a91-8e6c-dd8d571d2deb;USD;A;194002;2017;2017-11-14T23:00:00.000Z;CANCELED;16263.04
73e14655-7daf-48b3-9d55-f63f1a7662f7;USD;B;388640;2017;2017-10-02T22:00:00.000Z;CLOSED;8487.41
d98e57a4-d1cc-4a91-94d6-0bb7960fdc8f;USD;B;138803;2016;2017-01-20T23:00:00.000Z;CLOSED;3981.28
3f8f49bb-1fb9-40c1-8618-fdf3475ce71d;EUR;C;319492;2019;2019-07-01T22:00:00.000Z;CLOSED;43102.49
e40d874b-c1aa-45ef-ba0e-4556600c25c3;EUR;B;128364;2018;2018-12-11T23:00:00.000Z;CANCELED;19758.93
089ad6ad-8829-4de3-8f2d-47d8d2cbe60b;USD;A;174937;2017;2017-05-08T22:00:00.000Z;CLOSED;5903.35
d50dd8e0-6532-4ead-8543-b5dd73e42545;USD;A;128364;2016;2016-12-15T23:00:00.000Z;CLOSED;16488.14
6e6ac586-1793-42b9-8b04-475c1e177896;EUR;C;319492;2018;2018-05-05T22:00:00.000Z;CLOSED;2608.7
cd9728df-fc31-45a4-b1db-6db2f58551a2;CHF;A;388640;2018;2018-08-09T22:00:00.000Z;CANCELED;9515.24
4c518ef5-eedf-4863-a70f-ea75e19614b1;EUR;A;319492;2017;2017-08-10T22:00:00.000Z;CLOSED;36878.35
77b95eac-2deb-400d-b6a8-d405a86c9466;USD;B;348189;2020;2020-08-31T22:00:00.000Z;IN PROGRESS;18158.61
4d8f7d55-36f1-45b7-83ac-67860669dc68;EUR;B;194002;2017;2018-01-08T23:00:00.000Z;CLOSED;10886.13
1ca11291-80ae-4d1e-b26c-5c7d9e1c9601;USD;B;319492;2016;2016-10-02T22:00:00.000Z;CANCELED;21530.18
2179906c-b25c-41cf-9c74-25a36ec6e851;EUR;A;194002;2017;2017-09-14T22:00:00.000Z;CANCELED;8589.91
fb375dd1-7801-48ad-b906-21fc8c3527f1;EUR;B;319492;2017;2017-06-18T22:00:00.000Z;CANCELED;13285.41
c79ea3aa-8aa6-4aa2-b210-4a24490bca0f;USD;A;120358;2017;2017-10-03T22:00:00.000Z;CLOSED;22717.7
05f4b439-cfcd-4021-ac14-860ac7a25f1f;EUR;B;194002;2019;2019-06-30T22:00:00.000Z;CLOSED;27773.86
4caf80dc-bef3-48b2-9a13-5ab017fd7624;CHF;B;174937;2018;2019-01-15T23:00:00.000Z;CLOSED;21329.36
21c867d2-b7c9-4d91-abaa-ca896344f77c;EUR;B;319492;2019;2019-08-31T22:00:00.000Z;CANCELED;29763.21
03a86012-7c52-4061-9e0d-48bd898193d0;USD;A;319492;2019;2019-05-16T22:00:00.000Z;CLOSED;33900.24
d0ecef1e-9dee-438f-bb55-991a7ee32234;CHF;A;319492;2018;2018-12-14T23:00:00.000Z;CANCELED;1708.7
3e67d953-bafc-4e08-b998-b564fa9762c0;USD;C;370271;2018;2018-04-18T22:00:00.000Z;CLOSED;4438.17
d3c5a1d6-2b64-4b10-9cff-07d03d9ff178;USD;A;319492;2017;2017-10-31T23:00:00.000Z;CANCELED;23025.34
ed316d4a-36b9-43fa-b8ba-746e99788a1f;USD;B;138803;2020;2020-10-14T22:00:00.000Z;DELAYED;28461.85
24389999-9b10-4f9b-8a53-9c9627360fe4;EUR;A;370271;2020;2020-06-11T22:00:00.000Z;DELAYED;11915.75
045a4b65-262f-4134-aeb9-ae1da725c687;CHF;A;370271;2019;2019-07-03T22:00:00.000Z;CANCELED;18796.35
296da886-c3e5-4457-a477-afb2a514ed6d;USD;B;380067;2016;2016-05-24T22:00:00.000Z;CANCELED;5962.14
0c0f8d1c-0cb3-4103-97de-557aba21ff67;USD;C;388640;2019;2019-02-12T23:00:00.000Z;CLOSED;2050.44
757a1688-7b14-4a8c-9eb9-c8c34676102c;EUR;A;370271;2019;2019-05-15T22:00:00.000Z;CLOSED;30487.68
7056fdf7-a362-4cd7-bd5f-4ec5f8db9617;CHF;B;370271;2019;2019-11-15T23:00:00.000Z;CANCELED;36423.52
407c932e-6e45-477b-93a4-c20acae7048e;USD;B;174937;2019;2019-10-20T22:00:00.000Z;CANCELED;17994.64
813ba3eb-2a48-43f2-8076-d355a2f16a81;CHF;C;380067;2019;2019-04-21T22:00:00.000Z;CANCELED;17194.69
a0852428-35e7-4804-a958-f2ed1889498a;USD;C;380067;2019;2019-12-15T23:00:00.000Z;CLOSED;11931.89
6bfa4e0c-2e34-4956-8b00-725a40c74e5f;USD;C;380067;2019;2020-01-02T23:00:00.000Z;CANCELED;4062.67
c59a9e70-0d98-406d-869d-7577703fa66f;EUR;B;370271;2017;2017-02-09T23:00:00.000Z;CANCELED;27315.46
57a437c5-1a89-46cd-83d9-bfdf7b9635c7;EUR;B;174937;2017;2017-04-26T22:00:00.000Z;CANCELED;17580.71
0b554ede-4915-4722-98ea-469318c5a52d;USD;B;388640;2017;2017-05-15T22:00:00.000Z;CLOSED;43885.26
882781d7-68eb-4ec3-acec-345cb257237d;EUR;C;120358;2020;2021-01-29T23:00:00.000Z;SUSPENDED;20176.11
3fb4da4a-0dd6-4e93-917c-8423cab6c6c5;USD;B;370271;2017;2017-07-01T22:00:00.000Z;CANCELED;11496.94
a25881e0-5b65-4c77-acd4-1286cb64d121;USD;B;128364;2018;2018-10-10T22:00:00.000Z;CLOSED;1555.6
9c1fd01e-e5d8-4e3f-b14b-f8f189928281;USD;B;370271;2017;2017-02-23T23:00:00.000Z;CANCELED;26473.85
db9e3d50-6c21-4edd-b3c0-a3acdc9ba244;CHF;A;194002;2017;2018-01-27T23:00:00.000Z;CANCELED;24348.15
5f50412d-572e-42a6-93f3-bd8c660771c6;EUR;C;348189;2017;2017-06-22T22:00:00.000Z;CLOSED;21005.32
e3f4fd73-140f-495f-a70a-896c0701cfdb;USD;B;138803;2019;2019-03-01T23:00:00.000Z;CANCELED;22157.24
30757218-3ec5-4b84-b2de-8bd1f5b393e8;USD;C;128364;2016;2016-07-01T22:00:00.000Z;CANCELED;8141.31
f881e236-7c00-4a8d-9e91-bd15ff4dd7c5;CHF;C;174937;2018;2018-04-02T22:00:00.000Z;CLOSED;6137.96
e8559ee1-140a-4a40-a107-1ba696e85430;EUR;A;138803;2019;2019-08-29T22:00:00.000Z;CLOSED;17772.82
fbc72651-9688-40df-8ed5-f0ba7df35cfe;EUR;B;319492;2018;2018-08-05T22:00:00.000Z;CANCELED;19567.89
c24f142a-e992-4c24-9491-b04f173b02bd;EUR;C;348189;2017;2017-06-03T22:00:00.000Z;CLOSED;13640.34
ffd1ef29-a732-4524-a2ca-1d1e2e51b508;EUR;A;370271;2016;2016-12-24T23:00:00.000Z;CANCELED;25725.76
a0504e91-f08c-4371-8120-00ca6293608a;USD;B;348189;2018;2018-10-11T22:00:00.000Z;CLOSED;20242.86
1c0e4f74-c14f-43a1-8b46-40eca07e1da7;USD;B;380067;2019;2019-10-15T22:00:00.000Z;CANCELED;22830.67
da6404b4-05ce-49d8-8226-669f53c01bbd;USD;B;370271;2018;2019-01-19T23:00:00.000Z;CLOSED;14283.83
68b4b11f-c017-4192-8004-2d60b6d6818a;USD;C;194002;2016;2016-10-20T22:00:00.000Z;CLOSED;8348.55
5e66889d-fa1f-4b5f-973d-4453748a323c;EUR;B;174937;2017;2017-11-20T23:00:00.000Z;CANCELED;29299.47
363abc71-be1e-487e-9349-edf50a9c0e68;USD;B;380067;2018;2018-11-09T23:00:00.000Z;CLOSED;25960.76
08722e74-2186-4937-bf1e-f243c2c00dfc;USD;A;388640;2019;2019-06-29T22:00:00.000Z;CLOSED;20186.64
db788bf2-5cb8-4371-be4a-37b2ac3b4982;CHF;B;348189;2020;2020-03-08T23:00:00.000Z;OPEN;21774.33
3a46079f-8f82-46fa-acd7-71104c2624b5;USD;B;138803;2019;2020-01-07T23:00:00.000Z;CLOSED;35588.2
a174cf2e-d2c1-474c-a100-7aaddbf3781c;USD;B;120358;2020;2020-05-04T22:00:00.000Z;DELAYED;1029.86
c962c29b-0604-41ba-83dd-856d473bf7d9;USD;C;388640;2017;2017-11-15T23:00:00.000Z;CANCELED;26941.76
2e290877-e3c3-4219-9f00-c24d4e8f1f32;EUR;A;319492;2016;2016-11-19T23:00:00.000Z;CLOSED;36829.96
c54de26b-589a-422b-ab19-a0e7debca608;USD;B;194002;2019;2019-10-10T22:00:00.000Z;CLOSED;35324.86
2b32959f-4d7c-4995-87e4-106219d1909a;USD;A;174937;2019;2019-12-01T23:00:00.000Z;CLOSED;38196.19
c91a1335-6ce2-4d45-bb92-3f986086a8ee;CHF;B;174937;2018;2018-08-31T22:00:00.000Z;CLOSED;34630
04c06ce4-ae6e-4acd-b788-7b9ad019ce40;USD;C;370271;2018;2018-03-07T23:00:00.000Z;CANCELED;10839.07
e0e8d475-993b-4a65-8926-ddd0564e613f;USD;C;348189;2017;2017-04-18T22:00:00.000Z;CANCELED;22004.4
192cea41-73ad-4dab-869d-a0b9589fcdaa;USD;B;388640;2018;2018-05-22T22:00:00.000Z;CLOSED;13595.69
58c091cb-c5d8-4979-ac5b-3bae35561eae;USD;B;319492;2016;2016-12-23T23:00:00.000Z;CANCELED;20133.1
519684ad-cce1-4c0d-88bd-9d01edac4200;USD;B;380067;2016;2016-11-01T23:00:00.000Z;CLOSED;11270.51
d36021b1-11e2-4878-8a0c-01e381be6582;EUR;C;138803;2019;2019-03-13T23:00:00.000Z;CANCELED;24693.16
5679cb2f-e9a1-485e-8068-e1058d9701b4;EUR;C;380067;2016;2016-07-05T22:00:00.000Z;CLOSED;31061.08
43cb0143-58c5-4418-b7f4-9e8896cb7e54;EUR;B;174937;2018;2018-04-13T22:00:00.000Z;CANCELED;23923.13
b8e6e736-7f6a-4ca7-b869-1f4c97271177;USD;A;174937;2017;2017-07-20T22:00:00.000Z;CANCELED;15371.15
7e372b90-4113-42c1-ac2f-c5c0e4d69409;CHF;A;174937;2017;2017-11-03T23:00:00.000Z;CLOSED;1778.25
1e6dda05-f727-4d2e-8989-4e72d9f8ba9d;USD;C;380067;2019;2019-07-07T22:00:00.000Z;CLOSED;40777.02
5a60f288-4708-49d8-b547-5db68241937d;USD;B;174937;2016;2017-01-30T23:00:00.000Z;CANCELED;14751.49
ded186f8-7787-4d0d-aa9a-e13eaaa74173;USD;A;194002;2017;2017-04-16T22:00:00.000Z;CLOSED;9985.25
3ed68ff8-8c77-4106-9fd4-d4b419aee887;EUR;B;319492;2018;2018-04-12T22:00:00.000Z;CANCELED;26947.84
e9af91bf-a736-41ef-87cf-029de86194ad;USD;B;138803;2016;2016-09-25T22:00:00.000Z;CANCELED;7637.4
d911471f-8485-4ce9-9cec-73a5779e6fc0;CHF;C;174937;2016;2016-07-05T22:00:00.000Z;CLOSED;8336.81
2ad17a7a-4ccc-498a-9a28-8704cb9e04e8;USD;C;388640;2019;2020-01-28T23:00:00.000Z;CLOSED;6373.3
40c97245-9e06-4bb7-a25a-14466ff13737;USD;C;128364;2016;2016-04-14T22:00:00.000Z;CANCELED;40524.25
d16061e0-91f6-4960-a04e-626c815e3238;CHF;B;138803;2019;2020-01-09T23:00:00.000Z;CANCELED;1491.98
a31ede25-e272-472c-a0c8-949fe9a002b6;EUR;A;388640;2017;2017-06-27T22:00:00.000Z;CANCELED;13486.13
7c268078-a970-4779-95b0-f52e7e05ec96;USD;A;380067;2016;2016-05-22T22:00:00.000Z;CANCELED;16157.22
5f0f4549-8ecd-4348-9688-7fb5044e87b0;USD;A;194002;2017;2017-02-24T23:00:00.000Z;CLOSED;354.31
caffba09-1306-4e27-b60f-5b07900d7ba1;EUR;B;370271;2017;2017-05-29T22:00:00.000Z;CANCELED;3867.78
b42e8baf-36d9-4a97-aed6-baf029a3e22e;USD;B;380067;2017;2017-02-28T23:00:00.000Z;CLOSED;12298.33
21462a41-2b5c-4ee7-850f-80d419062f2b;USD;B;138803;2018;2019-01-24T23:00:00.000Z;CANCELED;22950.97
a4904a01-c8f3-46f4-8980-2bff5c6cedcd;EUR;B;319492;2017;2017-08-11T22:00:00.000Z;CLOSED;23761.74
34c82504-d248-4740-8d8f-1a39a8b77664;USD;C;174937;2017;2017-12-22T23:00:00.000Z;CANCELED;23846.06
a981701e-32f4-4cb9-bf84-d1f0fb4e3c54;CHF;A;380067;2018;2018-07-15T22:00:00.000Z;CLOSED;17925.05
ed1e16ae-fae3-438c-93cf-d1e5a174d64a;USD;C;348189;2016;2016-10-20T22:00:00.000Z;CANCELED;15681.84
39869363-830b-4e70-bf0e-5d58fefde0db;CHF;C;380067;2017;2017-10-15T22:00:00.000Z;CANCELED;23168.86
17e8ff43-b80d-4d5d-960b-ea6e588f1d6e;USD;B;174937;2017;2017-04-02T22:00:00.000Z;CANCELED;21269.78
8fff756f-bc13-4e1b-955e-a37db9bbc0b6;USD;B;138803;2017;2017-12-18T23:00:00.000Z;CLOSED;6575.09
11078f6b-039f-43b4-a896-2871bc86440a;USD;C;194002;2018;2018-06-15T22:00:00.000Z;CLOSED;33888.07
2249d9de-16dd-4822-85df-5556beca0dd0;USD;A;319492;2016;2016-04-12T22:00:00.000Z;CLOSED;16674.09
8cb51b53-e1ca-4da6-a060-efad6200db20;CHF;B;174937;2020;2020-12-26T23:00:00.000Z;CLOSED;18607.46
6c13b9bb-c56d-4c1e-a86e-3db776fb90fd;CHF;C;319492;2019;2019-05-10T22:00:00.000Z;CLOSED;24597.71
6769e43a-2002-4e1c-9d39-4465dcd21388;CHF;C;370271;2018;2018-02-11T23:00:00.000Z;CANCELED;23198.69
1b8c3ed7-0bdc-44be-b502-a945696e44be;USD;C;388640;2017;2017-03-24T23:00:00.000Z;CANCELED;18750.02
22fd70a2-7b2b-4285-99d9-133aad2404e3;CHF;B;138803;2017;2017-08-31T22:00:00.000Z;CANCELED;416.7
f46a72ab-f057-4068-9d2e-156abd09e995;USD;B;380067;2020;2021-01-29T23:00:00.000Z;DELAYED;9550.71
1698e4b3-3033-4428-a0af-6e103f6cb4ff;USD;B;380067;2020;2021-01-20T23:00:00.000Z;CLOSED;26682.71
3b9f0ea6-2839-41a1-b5f4-d663bf5bfc82;USD;A;370271;2019;2019-06-14T22:00:00.000Z;CLOSED;5452.07
f628d445-f3e0-4f82-9e84-586e6e2e8af8;CHF;B;388640;2017;2017-05-11T22:00:00.000Z;CLOSED;8630.01
87f75be7-132e-4b5c-85d4-652546d09d08;USD;B;194002;2018;2018-06-21T22:00:00.000Z;CLOSED;9684.28
eb6dc106-7bb6-429c-8473-411bea77a99a;USD;B;348189;2017;2017-07-07T22:00:00.000Z;CLOSED;19231.76
5ce28357-e55b-4dc5-9032-0387001c6dff;USD;C;194002;2018;2018-06-30T22:00:00.000Z;CANCELED;6908.01
36cfa33d-e515-40d7-a2bf-b3c408465405;USD;B;370271;2020;2020-06-28T22:00:00.000Z;IN PROGRESS;22119.71
cb93602d-6ede-4b48-b98b-ce23750514d0;CHF;B;319492;2019;2019-08-30T22:00:00.000Z;CANCELED;17178.69
d3dd688a-a5e1-4bf6-bcb3-02f9fe3c61e6;USD;B;348189;2018;2018-02-15T23:00:00.000Z;CLOSED;18555.36
5850e60a-7ed9-4294-936a-6d63093f45fd;USD;A;348189;2017;2017-04-21T22:00:00.000Z;CLOSED;40702.44
2d14c168-14c6-4efa-8b2e-9ca738a4d7eb;USD;B;348189;2019;2019-02-20T23:00:00.000Z;CANCELED;25310.84
881cfc90-c69d-4423-9af7-336b17e315a1;USD;A;120358;2016;2016-02-06T23:00:00.000Z;CLOSED;29267.38
6e1fcc65-b220-436b-967c-a247bac17080;USD;A;380067;2017;2017-08-01T22:00:00.000Z;CANCELED;11505.81
bd6db0f3-9239-4194-b8bc-93675c4e8773;USD;B;138803;2017;2017-10-17T22:00:00.000Z;CANCELED;20049.18
e6eb70e7-2b67-4201-84df-c87e3a85b777;USD;B;370271;2018;2018-10-22T22:00:00.000Z;CLOSED;8309.56
7695227d-b82c-401f-8ca3-f46483fe0b1a;USD;B;174937;2016;2017-01-23T23:00:00.000Z;CLOSED;6041.59
1147e741-9fc1-4638-93b6-dcfbf0723ea9;EUR;C;348189;2018;2019-01-03T23:00:00.000Z;CLOSED;6601.53
b32e6fae-9b94-4c5d-836a-6d32792242cc;USD;B;194002;2018;2018-12-14T23:00:00.000Z;CANCELED;28668.23
6943fa98-7a63-49df-879d-ee99d2f7f3f1;USD;B;194002;2017;2017-02-04T23:00:00.000Z;CLOSED;26144.11
b735530d-97a3-4996-bcfd-da9d9989bc62;USD;C;388640;2017;2017-11-22T23:00:00.000Z;CANCELED;6502.19
0b42a9fc-42d3-463f-a30f-11162c9961de;CHF;B;370271;2017;2017-06-29T22:00:00.000Z;CANCELED;36576.04
fcc68803-8070-4a7b-a442-7fa62e168586;CHF;B;370271;2018;2018-12-12T23:00:00.000Z;CLOSED;26552.88
e9049903-7925-486b-b218-0e322a5ee11d;USD;B;370271;2018;2018-07-31T22:00:00.000Z;CLOSED;19968.64
35c6ddc3-a48a-4c1f-8135-a40b36428f55;CHF;C;348189;2019;2019-05-10T22:00:00.000Z;CLOSED;32908.49
a81db16d-8b15-4aac-8198-b59700ead447;USD;A;380067;2018;2018-03-23T23:00:00.000Z;CANCELED;18142.53
54e9f631-7f78-496d-860a-e646671914e7;EUR;B;120358;2020;2020-08-31T22:00:00.000Z;IN PROGRESS;23624.69
c730adb4-3d62-4fcf-9371-33068af651b2;USD;B;174937;2019;2019-09-24T22:00:00.000Z;CLOSED;21268.87
0bef3762-1020-48df-9ab9-0d44c2377685;USD;A;348189;2020;2020-02-29T23:00:00.000Z;DELAYED;40246.34
88557a7f-73b8-4e05-aadc-458df3aa20d4;CHF;B;319492;2019;2019-02-17T23:00:00.000Z;CLOSED;52070.6
fefa25ea-24a1-4578-85a2-89992d8c6f10;USD;A;348189;2016;2016-08-28T22:00:00.000Z;CLOSED;34950.41
d96fe4b5-b367-4f26-8b45-3f9f8691e21e;USD;B;380067;2017;2017-12-15T23:00:00.000Z;CANCELED;2709.92
5b65b76a-1e38-4f18-8ee9-ded322d27069;USD;B;319492;2017;2017-11-26T23:00:00.000Z;CLOSED;10718.73
8ead711c-062d-4948-8053-6782aa041881;USD;C;174937;2016;2016-04-09T22:00:00.000Z;CLOSED;12335.28
8019a0df-5ac3-4c66-9537-23b4dc112022;USD;B;319492;2016;2016-04-09T22:00:00.000Z;CANCELED;7621.92
4602fe8e-8ef3-4773-a147-3bc2ac45dbd7;USD;A;194002;2017;2017-11-10T23:00:00.000Z;CLOSED;11761.22
5b04b198-1dea-4605-9c7f-1108df6d956a;EUR;B;348189;2017;2017-07-11T22:00:00.000Z;CANCELED;9611.91
8cd73817-5a1f-4494-a563-fed519b7d709;CHF;B;370271;2018;2018-06-06T22:00:00.000Z;CANCELED;25736.28
63c01344-1ec1-46ff-b1ec-accca73e1b23;CHF;C;370271;2017;2017-12-03T23:00:00.000Z;CANCELED;16950.19
fdc1df79-5a9b-4951-a267-ebf666ad79c3;USD;B;348189;2017;2017-11-24T23:00:00.000Z;CLOSED;13785.96
bda99724-eb8b-4ba5-9b5f-4925b10bdc8d;EUR;A;194002;2019;2019-03-09T23:00:00.000Z;CLOSED;23658.33
83196eca-f007-4bc3-a86d-372d51c536db;CHF;C;388640;2018;2018-06-05T22:00:00.000Z;CLOSED;14050.38
6694d821-55fe-4bd3-90cb-a0713145054a;USD;B;138803;2020;2020-09-27T22:00:00.000Z;IN PROGRESS;6843.95
32a311bd-5374-4cdc-9b93-d93fc353e1d2;USD;B;319492;2017;2017-03-02T23:00:00.000Z;CANCELED;12970.59
7a9e8414-cb00-465a-8c5c-c46651db815a;USD;C;194002;2017;2017-11-16T23:00:00.000Z;CLOSED;46801.58
cd82b071-aa34-43c0-90cb-14193a8b7ba1;CHF;A;388640;2016;2016-11-05T23:00:00.000Z;CANCELED;20733.09
9b49465a-e86c-4cc8-a608-ca5548e02d05;USD;B;348189;2017;2017-10-19T22:00:00.000Z;CLOSED;11958.96
e7d9d16a-b881-4d63-9919-2db4a78ee907;EUR;A;319492;2019;2019-09-26T22:00:00.000Z;CANCELED;35290.8
4ed1ab33-83c5-450e-a384-29e7d2e024f8;USD;C;138803;2019;2019-09-04T22:00:00.000Z;CLOSED;26524.74
1360b69c-a636-437c-a2c3-c56a24ad30a4;EUR;A;174937;2018;2018-08-19T22:00:00.000Z;CANCELED;28875.38
825e95d8-7e74-4f7a-b6f0-daa593c634de;USD;B;138803;2017;2017-12-27T23:00:00.000Z;CLOSED;2284.3
86e0ebe2-3a06-413c-85b4-c95d79debc13;CHF;C;380067;2016;2016-03-24T23:00:00.000Z;CANCELED;11874.22
a7d904ca-6935-42ed-860a-984661ef892f;USD;B;319492;2018;2018-05-23T22:00:00.000Z;CLOSED;16844.06
ebcd1746-b695-449a-ab07-9e2571474430;CHF;B;174937;2019;2019-09-07T22:00:00.000Z;CANCELED;50305.32
f2c6bdc2-ef14-4e1e-aff8-a2c8e79862cd;EUR;C;319492;2019;2019-09-13T22:00:00.000Z;CLOSED;15097.87
8161b2ba-2ac3-4480-9500-cfe398593ba5;EUR;B;370271;2018;2018-09-17T22:00:00.000Z;CANCELED;22467.48
f7e0deb2-0d18-4666-9204-7a7ea1c2e3d9;USD;B;388640;2019;2019-12-25T23:00:00.000Z;CANCELED;27717.09
bf7d8d8b-643b-4270-a00a-930c86776883;USD;C;348189;2018;2018-12-04T23:00:00.000Z;CANCELED;16865.42
060c3761-a81e-481b-9642-db77d9c95adc;EUR;B;319492;2019;2019-07-12T22:00:00.000Z;CLOSED;4895.4
48a3c9b5-f6fd-41de-8592-a6e326370b95;EUR;A;388640;2018;2018-02-01T23:00:00.000Z;CLOSED;16018.48
9aeb8b0e-6ed2-42bb-a8ce-0329a6578559;USD;A;370271;2016;2016-02-23T23:00:00.000Z;CLOSED;11137.67
477351aa-b9a7-4871-860d-1ce53c4ca44e;USD;C;120358;2019;2019-05-21T22:00:00.000Z;CANCELED;13599.89
128bf39d-bbcf-410a-bff5-cea15f43ec1a;USD;C;194002;2017;2017-06-18T22:00:00.000Z;CANCELED;12714.03
6263f344-b49a-4f53-ab88-6943811fec48;EUR;B;174937;2019;2019-11-21T23:00:00.000Z;CANCELED;8863.92
bc0ea5b2-d7d6-41f2-9c6f-acfa202c8157;USD;A;138803;2019;2019-06-27T22:00:00.000Z;CANCELED;12575.66
98a5ec06-35b1-48db-b582-ed8bd48a95dc;CHF;A;348189;2017;2017-09-26T22:00:00.000Z;CANCELED;31540.92
adc8179f-761e-479a-baeb-7b83d0faa36c;CHF;C;128364;2018;2018-04-12T22:00:00.000Z;CLOSED;21729.41
fa581581-142c-4c41-a51e-f9b2463f45a8;USD;A;388640;2016;2016-04-09T22:00:00.000Z;CANCELED;18944.87
3b9e1e56-27dd-43e9-b50a-59eec279aa15;USD;B;194002;2018;2018-07-06T22:00:00.000Z;CLOSED;29688.4
0e1f0606-84ad-4b7b-af62-54a13faf9b17;CHF;B;388640;2019;2020-01-19T23:00:00.000Z;CANCELED;21982.12
710b73fc-35c8-41e8-ab9b-c05be30c7962;CHF;A;380067;2018;2018-05-13T22:00:00.000Z;CANCELED;1656.7
9421ee56-8f0f-41e3-9807-26b6efe13852;CHF;B;388640;2020;2020-07-20T22:00:00.000Z;CLOSED;43078.5
ec8a5a86-1e88-4a1d-b1e9-28897cc1b88e;CHF;A;138803;2016;2016-09-28T22:00:00.000Z;CANCELED;7402.1
0fd276f0-fd91-4dbb-b64c-a5b8895d05ad;EUR;B;128364;2018;2018-09-19T22:00:00.000Z;CANCELED;33027.21
a4527c01-5247-4a84-9b2a-c1f0f9b4766f;USD;A;120358;2018;2018-07-07T22:00:00.000Z;CLOSED;6891.5
0a615ab9-401b-4a20-a0d7-40d1737deea2;USD;B;128364;2019;2019-04-03T22:00:00.000Z;CLOSED;17024.91
8bbaf80d-f018-4df3-b6f2-eb0524490faf;USD;B;128364;2016;2016-07-05T22:00:00.000Z;CLOSED;34693.28
75b6a099-1fdb-4a64-949d-042c628ae0ed;EUR;C;319492;2017;2017-12-24T23:00:00.000Z;CANCELED;15516.9
31d7a113-6014-4d87-abe6-0b78031e3548;CHF;B;120358;2019;2019-11-19T23:00:00.000Z;CLOSED;17904.77
83fefa8a-8c21-4f0f-aacf-59bd329ce71f;CHF;A;348189;2017;2017-07-19T22:00:00.000Z;CLOSED;15985.08
922929e9-04ff-4a47-a1ff-5010781342a3;EUR;C;319492;2019;2020-01-18T23:00:00.000Z;CLOSED;9399.36
a5bbc025-b939-4de1-986f-ae733e75ee5c;EUR;B;348189;2020;2020-03-17T23:00:00.000Z;OPEN;29887.38
74470c96-313e-4ec5-a89e-aa3dda8f9ce1;USD;C;194002;2017;2017-12-11T23:00:00.000Z;CANCELED;17970.1
402b18ce-9925-498e-93e4-71d99cd8ba69;EUR;B;348189;2018;2018-05-01T22:00:00.000Z;CANCELED;5695.43
c00527d4-6779-474e-a181-487ff9c1ae1f;USD;C;370271;2017;2017-05-16T22:00:00.000Z;CANCELED;20376.48
19a766ca-8953-4938-8f11-ac03e1b46cc2;CHF;B;128364;2020;2020-04-09T22:00:00.000Z;SUSPENDED;7021.27
0d149bef-f65c-4153-8c99-b7f1b33d1e97;USD;A;194002;2019;2019-06-05T22:00:00.000Z;CANCELED;15379.83
7a3d91b8-c6f1-4b97-bf79-829afcf4228b;EUR;A;348189;2019;2019-05-17T22:00:00.000Z;CLOSED;3407.76
e1232f1a-f864-40e0-ab3c-2cd645676272;EUR;B;380067;2019;2019-10-27T23:00:00.000Z;CANCELED;9303.66
9b1b8ca0-033d-4610-aa40-0660522d506f;CHF;C;319492;2020;2020-09-27T22:00:00.000Z;IN PROGRESS;25279.42
095dc742-0298-42c4-a815-d60207325b66;USD;C;174937;2020;2020-02-16T23:00:00.000Z;CLOSED;25799.37
9696cd4d-33cd-431e-bd96-c4b3b3096abe;CHF;B;174937;2017;2017-12-22T23:00:00.000Z;CANCELED;26614.65
4ae91af6-93e7-48cc-ab13-d29d65884be0;USD;B;319492;2019;2019-12-20T23:00:00.000Z;CANCELED;29997.78
a8388cf2-90a2-4a52-8cd8-31b86f4ad332;USD;B;174937;2017;2018-01-10T23:00:00.000Z;CLOSED;29112.45
39be3e10-ffc8-40f7-963b-8815562eb188;EUR;C;348189;2020;2020-07-05T22:00:00.000Z;SUSPENDED;9485.06
f7013a57-a493-48c3-966e-5ad15d2a5919;USD;C;174937;2019;2020-01-14T23:00:00.000Z;CLOSED;8696.58
63792907-eb61-4864-aba2-c1cb57622cfc;EUR;C;128364;2017;2017-10-11T22:00:00.000Z;CLOSED;20445.69
14c5db8b-7e1a-41fe-a859-2e70408f197c;CHF;C;380067;2019;2019-12-02T23:00:00.000Z;CLOSED;22340.74
93626dc9-4024-4c49-af10-7defc0dcb0af;USD;C;138803;2020;2020-07-13T22:00:00.000Z;DELAYED;5987.18
6eedec90-5294-4e64-acf5-e257122aec54;CHF;B;319492;2019;2019-11-16T23:00:00.000Z;CANCELED;17943.7
a04d14a4-14c9-4a22-b743-a560b8399194;EUR;C;194002;2019;2019-04-26T22:00:00.000Z;CANCELED;19287.05
b9fa3a22-99b1-4f85-be51-9480a4631073;EUR;A;388640;2017;2018-01-16T23:00:00.000Z;CLOSED;28956.2
ec5e5c80-c302-4bfa-bd2b-f24fc91d1db2;EUR;B;138803;2019;2019-11-30T23:00:00.000Z;CLOSED;2743.26
06da7313-1e5f-41b3-ab24-357249c5edc1;EUR;C;319492;2018;2018-08-20T22:00:00.000Z;CANCELED;14379.38
c92a474a-e092-49aa-934d-be17ea81aa03;CHF;B;120358;2019;2019-12-08T23:00:00.000Z;CLOSED;38081.13
a0f6bbb8-faaf-4694-91bf-d8d4746b652e;USD;A;174937;2019;2019-07-28T22:00:00.000Z;CANCELED;8052.22
27c9e992-54aa-407e-b951-e637ca313474;USD;B;128364;2018;2018-08-18T22:00:00.000Z;CANCELED;18075.82
687682db-6ce5-4062-bdec-4561fad4986f;CHF;B;348189;2019;2019-08-02T22:00:00.000Z;CLOSED;8165.06
ec3ecb38-251c-4164-8484-a845eafe2fa3;USD;B;120358;2019;2019-02-11T23:00:00.000Z;CLOSED;28126.13
77bd38b5-571f-44fc-af95-4adb4afbdf6f;CHF;B;319492;2019;2019-09-20T22:00:00.000Z;CLOSED;6295.25
4e8711dd-2622-4b9e-a727-791378469d4f;USD;C;348189;2017;2017-09-22T22:00:00.000Z;CANCELED;40967.09
a0881be8-320d-4b31-ac8e-76d19dc2c504;CHF;B;388640;2017;2018-01-02T23:00:00.000Z;CLOSED;18684.01
58050f4d-fead-420e-bc4e-f218fea610d4;EUR;B;128364;2017;2017-10-13T22:00:00.000Z;CANCELED;21937.42
1657e67b-6140-48c3-977f-bff0115b24f4;USD;B;370271;2019;2019-10-09T22:00:00.000Z;CANCELED;34362.94
f29eb24a-e6cb-4254-a0be-9d9e291c0bd0;CHF;A;319492;2020;2020-09-01T22:00:00.000Z;IN PROGRESS;5076.12
072ef365-d591-4463-8d28-973aa0f6e656;USD;A;120358;2017;2018-01-11T23:00:00.000Z;CANCELED;3967.29
801d787a-fc7a-4e48-92a9-fd9d85775612;USD;B;138803;2018;2018-12-12T23:00:00.000Z;CLOSED;21064.83
d56d5735-32f7-47ea-af90-2cf28b47fcbf;EUR;C;388640;2020;2020-02-07T23:00:00.000Z;SUSPENDED;26734.98
d3bcbc4b-cab3-41a0-8993-a51419b5d59d;EUR;B;380067;2019;2019-10-12T22:00:00.000Z;CLOSED;23920.92
3bd15584-1e1e-437b-9fa1-79696f7fbcb8;CHF;C;380067;2017;2017-12-18T23:00:00.000Z;CLOSED;1731.05
d926f535-2857-4d66-b8fc-e546cb731164;USD;A;120358;2020;2020-03-01T23:00:00.000Z;OPEN;1499.62
5961bc43-fece-49ed-b40e-fcda8413f425;USD;B;348189;2018;2018-06-07T22:00:00.000Z;CLOSED;31155.26
201a9020-eaaa-444c-aaad-c41341ad8893;USD;C;174937;2017;2018-01-23T23:00:00.000Z;CANCELED;21997.65
395e56b3-0468-4661-81b0-b11f191fa083;USD;B;138803;2017;2017-09-02T22:00:00.000Z;CLOSED;23626.09
252fe4f8-6358-4ac5-9dfe-9fa78ee48024;USD;A;138803;2020;2021-01-24T23:00:00.000Z;IN PROGRESS;17498.25
ed6088a8-9a04-4c54-9300-fbbd6f6ac8c9;CHF;B;138803;2020;2020-03-19T23:00:00.000Z;SUSPENDED;18202.11
bfea41e0-ae4f-4d64-bfab-310ee377bb28;USD;B;174937;2020;2020-06-15T22:00:00.000Z;CLOSED;32022.26
7bb74a2e-8463-459d-840a-5f8959dde8a4;EUR;C;319492;2018;2018-04-30T22:00:00.000Z;CLOSED;11755.79
fe0560a2-8d7d-4d71-a6ee-f491a6fc964a;CHF;A;138803;2020;2020-07-23T22:00:00.000Z;CLOSED;23739.43
bcf48555-cc27-4790-a2fb-01de803116ad;USD;B;174937;2017;2017-04-07T22:00:00.000Z;CLOSED;58465.16
bff0a9a5-688a-4561-a893-a4c324e25d77;USD;B;319492;2018;2018-12-11T23:00:00.000Z;CANCELED;33124.54
103b6b7a-a44e-4434-b869-3d6d677b1a38;USD;C;370271;2017;2017-12-11T23:00:00.000Z;CANCELED;28573.48
c50f6ec7-812c-4ccb-a748-82d821edef7d;USD;B;194002;2019;2019-09-27T22:00:00.000Z;CANCELED;22682.66
ff4027c8-d3bd-4486-8076-d0876dd826e0;USD;B;380067;2020;2020-09-29T22:00:00.000Z;IN PROGRESS;16675.4
d9133acd-7936-4f82-91d3-ef01b23263fc;EUR;A;138803;2018;2018-11-10T23:00:00.000Z;CLOSED;5857.55
71689646-8f87-4bd2-869e-fbdc54716b21;USD;C;348189;2020;2020-02-10T23:00:00.000Z;IN PROGRESS;41316.46
e6d2a4b2-27d2-47f2-994f-b8092e388bdf;EUR;B;174937;2020;2020-09-17T22:00:00.000Z;DELAYED;11937.97
f458c928-bee9-4315-9b9f-b458e89a303e;USD;B;120358;2019;2019-09-21T22:00:00.000Z;CANCELED;1615.37
9fff7d96-a328-48b2-b405-b05d9813c980;CHF;B;380067;2018;2018-02-02T23:00:00.000Z;CANCELED;12477.52
4f061a39-f688-4d04-a5c1-dd6c2fce18b7;EUR;A;319492;2017;2017-04-23T22:00:00.000Z;CANCELED;8290.88
b61b2796-3e4e-483d-bbb8-04845ef54740;EUR;B;194002;2020;2020-07-17T22:00:00.000Z;SUSPENDED;28012.16
423df0f4-5f9e-4f74-a215-416a30b84ff8;EUR;A;138803;2016;2016-05-15T22:00:00.000Z;CANCELED;19615.66
926c1cb5-5d86-4e3f-84ed-f7ac83f582dd;USD;B;388640;2018;2018-05-30T22:00:00.000Z;CANCELED;19677.57
95011efb-8d93-4e31-89bc-13585ad3cf22;USD;A;370271;2017;2017-12-20T23:00:00.000Z;CANCELED;25237.55
0b3971f2-3f54-4571-b25d-b5baa18019d9;EUR;B;370271;2017;2018-01-06T23:00:00.000Z;CLOSED;5790.75
a8d30bd1-700a-40a3-ab7e-2ac56b652352;USD;A;194002;2016;2016-09-08T22:00:00.000Z;CLOSED;9683.41
3aca46c3-20fc-40af-bb71-12ea0c451f44;USD;B;194002;2019;2019-12-10T23:00:00.000Z;CLOSED;4386.42
b71afaea-c172-4ce9-bc90-117e37512d3f;EUR;A;138803;2016;2016-08-03T22:00:00.000Z;CLOSED;34950.93
d2ea37f4-1405-4353-bcb6-67629f1ef65c;USD;C;138803;2020;2020-12-18T23:00:00.000Z;OPEN;22243.98
43ded167-1377-4539-b9cc-9eebe1e08439;USD;A;380067;2020;2020-03-31T22:00:00.000Z;IN PROGRESS;20968.97
69224556-5381-4a49-9196-781227a15b57;USD;B;128364;2019;2020-01-03T23:00:00.000Z;CLOSED;31007.91
aac50567-fab3-4931-8ace-76a80fb743ac;EUR;A;138803;2018;2018-02-13T23:00:00.000Z;CANCELED;3538.68
0eae46fe-854a-401f-8e4c-bf62723d9461;USD;C;370271;2016;2016-04-04T22:00:00.000Z;CLOSED;18228.03
f474d664-03dc-45cc-9708-ebc4f8abf928;USD;B;194002;2020;2020-12-02T23:00:00.000Z;IN PROGRESS;12713.65
3af7a311-7dd9-49e6-a1fb-140cc95b0f01;EUR;B;388640;2018;2018-11-20T23:00:00.000Z;CLOSED;5925.42
172614d1-b3e1-4ec4-a664-1b9786b0a39a;USD;B;388640;2020;2020-12-13T23:00:00.000Z;SUSPENDED;21480.93
fb82f82d-d760-409b-a64b-83974ece1ed5;EUR;C;370271;2017;2017-07-29T22:00:00.000Z;CLOSED;22781.55
7a6e5e2e-8d74-429d-8127-b8104dd3bd7d;USD;C;174937;2017;2017-09-14T22:00:00.000Z;CLOSED;19541.05
d0cdb548-b483-4961-b559-2507db741f10;USD;B;348189;2018;2018-06-01T22:00:00.000Z;CLOSED;19802.72
c0e53042-2c50-4fc7-ac9d-73b8802bf4a5;CHF;C;194002;2019;2019-02-25T23:00:00.000Z;CLOSED;7160.47
2e67b2bf-9b2d-4eb6-81af-550a0e493809;USD;A;138803;2017;2017-10-18T22:00:00.000Z;CANCELED;7703.04
cc860367-5b9f-419a-a577-ccb65e6853f8;EUR;B;319492;2019;2020-01-22T23:00:00.000Z;CLOSED;33276.48
e6c77a80-70a3-4830-a8ab-b7eea2f6a03f;CHF;B;128364;2018;2018-10-12T22:00:00.000Z;CLOSED;13271.46
bb621e18-58b5-4f7a-a56a-fad55e890b70;USD;C;120358;2020;2021-01-02T23:00:00.000Z;CLOSED;20312.64
8757b3ed-3e72-44f4-a4e8-80c79af4106d;CHF;C;319492;2016;2016-12-04T23:00:00.000Z;CLOSED;13259.63
008cebfb-ff2e-4228-b638-cb0a46b9e056;USD;B;348189;2017;2017-11-22T23:00:00.000Z;CANCELED;27801.25
3ae1bac6-dff7-4b60-8878-3c680a18cd52;USD;A;174937;2019;2019-11-17T23:00:00.000Z;CANCELED;33654.6
7e6d68f3-8534-422f-bf94-cce09dc898a2;USD;B;348189;2019;2019-04-10T22:00:00.000Z;CLOSED;20441.94
242f41b7-19e1-4fa9-b1dd-8b3425ea621b;USD;B;319492;2018;2018-03-11T23:00:00.000Z;CLOSED;15386.63
e776f96c-5366-4f67-8a5f-25ce34850fef;USD;B;138803;2018;2018-09-20T22:00:00.000Z;CLOSED;16624.68
70aaa19a-2ea7-4e38-97b6-b83a04c16f2e;EUR;C;348189;2016;2017-01-13T23:00:00.000Z;CANCELED;8667.7
5d70032e-4030-4551-b765-f35b924082f4;USD;C;138803;2020;2020-07-03T22:00:00.000Z;DELAYED;18270.61
d6d9b2dc-4580-4ab8-9480-50d67a6ecc46;USD;B;319492;2018;2018-05-22T22:00:00.000Z;CLOSED;40284.62
6b6a7e83-755e-4ab3-a6c9-2ebe7dd69cda;CHF;B;348189;2017;2017-06-15T22:00:00.000Z;CANCELED;8039.02
957d389b-b7f0-4701-9b76-ee2ef8863f09;USD;B;380067;2019;2019-03-02T23:00:00.000Z;CLOSED;12961.01
016a34ab-1cc6-4a40-a7e7-0919614a5605;CHF;B;194002;2016;2016-11-19T23:00:00.000Z;CLOSED;11996.58
e29c129d-9919-4839-af95-e9865a6ed323;USD;B;174937;2020;2020-06-20T22:00:00.000Z;OPEN;2834.48
8559e301-77a4-4a25-9e2b-c735bd17d42b;USD;A;128364;2020;2020-03-06T23:00:00.000Z;IN PROGRESS;17392.27
5559fdab-cb84-43b2-a3db-38058bf7d598;USD;B;348189;2019;2019-03-15T23:00:00.000Z;CLOSED;1973.58
6e839426-3f3c-4684-ae8c-0811503400bf;USD;A;380067;2017;2018-01-27T23:00:00.000Z;CLOSED;9501.72
e21b417f-fb1b-4b6c-98cc-09ccd9a0712a;CHF;C;120358;2019;2019-06-14T22:00:00.000Z;CANCELED;4392.74
253ece94-af70-4eb7-ba76-cd70d4640c16;USD;C;319492;2019;2019-09-26T22:00:00.000Z;CLOSED;26224.56
49f066ae-6dca-48a3-b45d-49ce0caea691;USD;C;319492;2019;2020-01-05T23:00:00.000Z;CANCELED;28339.66
39e2115c-6f0b-4a40-b9b7-d224c681b7e7;CHF;B;348189;2017;2017-07-20T22:00:00.000Z;CLOSED;29065.92
c02e3309-9999-4650-85e7-c8f27795cfd1;USD;A;138803;2019;2019-11-20T23:00:00.000Z;CANCELED;15874.03
049c8783-3445-43a0-91f5-30f922120f5b;CHF;A;380067;2019;2019-12-18T23:00:00.000Z;CLOSED;33940.6
62b4c743-7c62-41f8-9c45-7eba342a3687;CHF;B;380067;2018;2018-12-25T23:00:00.000Z;CLOSED;23317.78
f01b0027-7381-440b-a2d5-89cd2d001012;CHF;C;348189;2017;2018-01-07T23:00:00.000Z;CANCELED;23925.13
774f40b1-154a-461a-bf49-492570080070;EUR;A;370271;2019;2019-02-28T23:00:00.000Z;CANCELED;17232.8
84f9f61d-adfb-4f01-9295-b9a9fb959f0f;CHF;B;348189;2019;2019-12-24T23:00:00.000Z;CLOSED;11459.9
107b64fe-6a71-486c-86aa-e17c3a835497;USD;B;388640;2017;2017-06-16T22:00:00.000Z;CLOSED;11103.15
63034222-5451-4df9-8466-8787a5fa7cec;CHF;B;348189;2017;2017-05-25T22:00:00.000Z;CANCELED;19469.63
793b2575-06ac-4565-aab7-7264ea22bafa;USD;B;128364;2019;2019-07-13T22:00:00.000Z;CANCELED;19457.14
dda9a101-d19e-4b61-87dc-e88f5b847d4e;USD;C;174937;2019;2019-06-08T22:00:00.000Z;CANCELED;30868.92
e80bb166-ec13-494e-8e3c-d3fb84d9737f;USD;C;388640;2018;2018-05-10T22:00:00.000Z;CLOSED;14363.99
66e64f44-2cf8-4b2d-8d18-cce1974a8e78;CHF;B;370271;2019;2019-07-26T22:00:00.000Z;CANCELED;2489.55
44c69ed0-68a9-442f-86b5-38f8ec5e678d;EUR;B;319492;2019;2019-07-04T22:00:00.000Z;CLOSED;15708.74
184809d9-81be-4800-b54c-92dfa2d13974;USD;B;388640;2019;2019-04-29T22:00:00.000Z;CANCELED;22163.64
3b0a7efb-9a4e-4733-8b33-121083f37c38;CHF;A;370271;2017;2017-06-11T22:00:00.000Z;CLOSED;1547.95
cf7305a8-6449-4390-97b0-edf31efc1116;CHF;C;388640;2017;2018-01-21T23:00:00.000Z;CLOSED;49654.73
d43f5e5a-0e22-4c33-a8e1-c1a3eb9772cd;USD;C;348189;2017;2017-08-18T22:00:00.000Z;CANCELED;9862.96
4399f782-a44d-4fe3-931f-c6a21edd4ddd;CHF;B;319492;2017;2017-12-04T23:00:00.000Z;CLOSED;4763.5
eb58428b-350f-416a-8075-9e44fb4a1a66;CHF;A;138803;2018;2018-04-30T22:00:00.000Z;CLOSED;998.9
1f2931e1-110a-485e-8295-707ab8b6b38e;CHF;A;388640;2016;2016-06-10T22:00:00.000Z;CANCELED;12331.87
dee58475-26a2-446b-8bc3-28273ab030c0;EUR;C;138803;2017;2017-10-03T22:00:00.000Z;CANCELED;6366.49
fdbd0cda-3d05-4659-8681-d6bf514b4c25;USD;C;388640;2018;2018-06-01T22:00:00.000Z;CLOSED;25216.09
556ccdb5-3d31-4e78-9073-52ab05683f7b;USD;B;128364;2018;2018-08-28T22:00:00.000Z;CANCELED;15130.4
686f57a6-3b25-4658-b2a1-49f2bf4c3b5f;CHF;B;128364;2017;2017-04-28T22:00:00.000Z;CLOSED;34940.33
02420bdd-284f-489a-9f59-556a9e5cb809;CHF;B;388640;2020;2020-07-15T22:00:00.000Z;DELAYED;11911.5
cd03fb67-1126-44d8-aaf9-eadc26a84d21;USD;B;174937;2018;2018-07-26T22:00:00.000Z;CANCELED;6607.34
85df0330-f3b1-4257-9e1a-ec9b99d0c8f0;EUR;C;348189;2019;2019-03-25T23:00:00.000Z;CLOSED;4247.34
87a3747a-44af-461c-b083-6e8c316065ab;EUR;B;174937;2019;2019-05-09T22:00:00.000Z;CANCELED;30070.1
8c538488-d519-4118-9ddc-cc455b8174a5;USD;B;388640;2020;2020-11-10T23:00:00.000Z;CLOSED;33725.05
66a019d9-4765-4199-b644-86a2d61034de;USD;B;138803;2017;2017-02-13T23:00:00.000Z;CANCELED;13172.65
61d32500-1b81-4fbd-8961-7057249fc64b;EUR;B;380067;2016;2016-11-17T23:00:00.000Z;CANCELED;6745.03
b7a021d6-3235-405d-9ab6-ea9e71fd1e77;USD;C;128364;2017;2017-04-01T22:00:00.000Z;CANCELED;7435.27
6c2cf20e-012d-4006-9efb-30ade8c0c589;CHF;A;138803;2019;2019-02-28T23:00:00.000Z;CLOSED;19669.74
83d23f34-1585-463d-9249-05b4f411245e;USD;B;348189;2018;2019-01-18T23:00:00.000Z;CANCELED;13857.56
1466076b-1a58-4124-96ea-dbad7fd2c9e1;EUR;B;174937;2020;2020-10-28T23:00:00.000Z;DELAYED;14301.5
c9dc31c7-2277-45cf-8328-de8140d559a7;CHF;B;194002;2017;2017-12-10T23:00:00.000Z;CLOSED;300.95
64ba61fc-1b33-42f4-bd00-c13820b6c3e0;USD;B;128364;2018;2018-04-18T22:00:00.000Z;CANCELED;1124.77
099f6276-de1d-45f3-ad9a-a18bd1f5a6e8;EUR;B;319492;2018;2018-12-25T23:00:00.000Z;CANCELED;14821.6
cd59f24a-8951-4299-b32e-29d34167941e;EUR;B;128364;2017;2017-02-20T23:00:00.000Z;CLOSED;36258.62
93e5e1ce-307e-4516-880a-126dbd920dca;USD;B;380067;2017;2017-09-27T22:00:00.000Z;CLOSED;25198.07
f27d5c14-4480-4beb-99f6-13aeb800e8b5;USD;B;388640;2018;2018-08-12T22:00:00.000Z;CLOSED;17034.56
adccd42e-9847-4b7f-8509-11c9fba1e407;EUR;A;194002;2017;2017-07-17T22:00:00.000Z;CANCELED;31634.95
6c76b8ce-b218-4767-8efe-c3c26f3c78b7;USD;B;348189;2019;2019-09-17T22:00:00.000Z;CLOSED;13229.37
c3c54a2a-1021-4b93-bef1-7cd1a7472410;CHF;B;174937;2016;2016-06-20T22:00:00.000Z;CLOSED;4653.11
de13a17f-7b1b-47d5-8d3f-424b626f7297;CHF;B;388640;2017;2017-05-20T22:00:00.000Z;CANCELED;31766.79
83c3111f-bf44-4b0f-8e35-416b59c89807;USD;B;380067;2018;2019-01-14T23:00:00.000Z;CANCELED;10326.35
e416408e-4e1d-4f7b-906b-4ee0139896ac;USD;B;319492;2018;2018-03-01T23:00:00.000Z;CANCELED;11435.23
574d8f51-bc6f-4543-add4-bd1f2df234b4;EUR;B;194002;2017;2017-02-12T23:00:00.000Z;CLOSED;6367.6
a0738012-0299-4287-a453-deee05eaf51d;USD;A;174937;2017;2017-02-27T23:00:00.000Z;CANCELED;15789.88
de729646-bf3c-4407-96c5-8939e2d735e8;USD;B;174937;2018;2018-10-28T23:00:00.000Z;CANCELED;15316.88
3b745c81-411d-4996-99c2-dde7c13f9bcc;USD;C;319492;2019;2020-01-10T23:00:00.000Z;CLOSED;31926.32
4f8b2871-dd83-494c-9edc-88dade7ad70f;USD;A;174937;2018;2018-08-08T22:00:00.000Z;CLOSED;21317.67
523a190e-7ae9-4426-bd1d-e256c95a219c;USD;B;319492;2017;2017-05-08T22:00:00.000Z;CLOSED;4211.45
94e634f4-5803-4756-b7a1-440cdc953664;USD;B;388640;2018;2018-02-26T23:00:00.000Z;CANCELED;17266.59
c2da7340-8434-449b-a46c-1443d5008d21;USD;B;388640;2019;2019-04-30T22:00:00.000Z;CLOSED;11121.32
a4aae3b2-45ce-4083-9331-67fb5c475928;USD;B;128364;2017;2017-07-03T22:00:00.000Z;CLOSED;19709.2
c3c6ff27-665e-4773-a3f2-94ef01d6ffcc;EUR;B;174937;2019;2019-12-25T23:00:00.000Z;CLOSED;22227.49
5365bc04-6c9c-45d9-8a64-1dd70e0c33b2;EUR;C;348189;2016;2016-09-04T22:00:00.000Z;CANCELED;28936.42
b3d1ff87-d2a7-4787-84be-8b528be596a4;USD;B;174937;2019;2019-11-28T23:00:00.000Z;CANCELED;14938.52
5fbf1fe7-c346-49be-a6ee-58ca9c234c1a;USD;C;120358;2017;2017-09-06T22:00:00.000Z;CANCELED;17215.21
2116cadb-d403-4046-9697-97bfb1409791;USD;B;348189;2017;2017-06-12T22:00:00.000Z;CLOSED;19029.58
d5141c47-adff-4eeb-bc84-d6af9f3d6a4c;EUR;C;128364;2018;2018-12-18T23:00:00.000Z;CANCELED;14610.56
0f61149b-a54e-4dd9-b80d-c791f97bd4e7;USD;B;319492;2018;2018-02-19T23:00:00.000Z;CLOSED;29884.25
227a33b4-960f-4731-9087-aa704347ed71;USD;B;138803;2020;2021-01-06T23:00:00.000Z;SUSPENDED;15250.19
14ff58e6-139a-48ce-bea3-a63bbc0e12c7;EUR;C;138803;2017;2017-12-12T23:00:00.000Z;CLOSED;19586.9
e1017842-7c52-4c9e-850a-64606337c7fc;USD;B;370271;2019;2020-01-23T23:00:00.000Z;CANCELED;2709.92
34714349-e6f9-4f20-b083-73f81a1b5783;EUR;C;138803;2018;2018-12-12T23:00:00.000Z;CANCELED;39314.75
b9db9c66-61a4-4e0e-a349-3a123b91bd5b;USD;C;128364;2020;2020-08-12T22:00:00.000Z;IN PROGRESS;21762.57
f3b35835-3e4f-4bdc-9ee4-212836b72738;CHF;A;370271;2019;2019-03-05T23:00:00.000Z;CANCELED;1101.9
b1cc45b6-a802-4f5d-939c-98d20e130aa0;USD;B;138803;2016;2016-10-29T22:00:00.000Z;CANCELED;23240.38
09b944b6-c4bb-41df-8c37-eb30aa779d84;USD;C;388640;2017;2017-06-29T22:00:00.000Z;CLOSED;16450.2
97a0b626-d429-4434-8a36-1cc71f2b0d08;CHF;A;138803;2017;2017-05-16T22:00:00.000Z;CLOSED;5930.82
141cb84b-2cc7-45a5-8ce6-8effbac2a49b;CHF;B;120358;2018;2018-03-24T23:00:00.000Z;CLOSED;655.86
7389369a-635d-42e2-84ec-28ee1030cf07;EUR;B;194002;2016;2016-02-10T23:00:00.000Z;CANCELED;16519.36
0e07f11c-0852-4c84-9e3d-2e9d3bb7a6f3;USD;B;120358;2019;2019-03-11T23:00:00.000Z;CLOSED;16468.44
56d8da2b-39ef-4f43-927a-89227454cfe2;CHF;B;380067;2017;2017-09-28T22:00:00.000Z;CANCELED;2575
c6436400-f352-4e28-8162-9a699fe50917;USD;B;348189;2018;2018-11-27T23:00:00.000Z;CLOSED;33582.51
93254f87-6a36-42e1-9cc6-b90b9e656648;CHF;C;380067;2018;2018-11-26T23:00:00.000Z;CLOSED;2955.85
3cdb65e0-56f1-4f80-870e-270048b65949;USD;C;174937;2018;2018-03-15T23:00:00.000Z;CANCELED;4124.01
38ea7b95-0cb9-4eb2-8bbf-c8a5b108ff3a;EUR;C;380067;2016;2016-11-03T23:00:00.000Z;CLOSED;6394.51
8b8ff585-fc68-4733-8924-8b0e85a6f5de;USD;B;138803;2020;2020-06-08T22:00:00.000Z;SUSPENDED;1499.62
55875aa9-849b-4e52-a3e6-90c72cecfb52;USD;A;348189;2019;2019-08-05T22:00:00.000Z;CLOSED;18981.38
4a41d12e-6dc9-4279-8682-b40be04bf673;CHF;B;194002;2017;2017-08-01T22:00:00.000Z;CLOSED;7849.11
da14deb8-d36e-4e32-8664-4f0e520c2c3a;EUR;C;128364;2019;2019-09-11T22:00:00.000Z;CLOSED;14697.99
5601a607-605b-4410-b0b4-72811f22d804;CHF;B;388640;2018;2018-10-18T22:00:00.000Z;CANCELED;26589.4
f45938f3-8e3a-474c-abe6-c0fa0e896114;USD;B;319492;2019;2019-09-06T22:00:00.000Z;CANCELED;38332.89
14ade7db-14b5-4669-9d13-335f7f9636e5;CHF;B;348189;2019;2019-06-08T22:00:00.000Z;CANCELED;19448.7
3d001fad-40b6-462d-af11-d7e2f6bdaa05;USD;C;138803;2016;2016-09-20T22:00:00.000Z;CANCELED;42534.56
3ad3691d-33c0-473d-91e5-3f4d0cfa3105;CHF;C;319492;2019;2019-06-16T22:00:00.000Z;CANCELED;35512.53
ece6fc9f-cecc-4e07-b185-f46f69a912b7;EUR;C;138803;2017;2017-12-05T23:00:00.000Z;CLOSED;34845.74
be67d661-371b-4751-b08d-2728b6af451b;EUR;A;388640;2018;2019-01-11T23:00:00.000Z;CLOSED;31273.65
76f9e0c6-f95b-4e59-a11d-0b117cb73807;CHF;A;348189;2018;2018-11-17T23:00:00.000Z;CANCELED;24427.62
da026dc8-3d3d-4ac9-813c-373493a74936;CHF;C;128364;2018;2019-01-22T23:00:00.000Z;CANCELED;7982.05
e86f321c-0ba9-4956-9648-b675dc400993;USD;C;348189;2020;2020-10-23T22:00:00.000Z;OPEN;8665.39
48a299f5-8a6e-4ff3-ba6b-bd933b7fee95;USD;C;128364;2019;2019-01-31T23:00:00.000Z;CANCELED;21732.15
1652087b-b606-4129-a181-ec207190d21b;USD;B;370271;2019;2019-11-21T23:00:00.000Z;CLOSED;18173.45
58ffc640-af22-4aa8-9a41-77e9c67ea66d;USD;C;194002;2016;2016-11-03T23:00:00.000Z;CLOSED;9841.92
09ffd3d6-ed00-4ff0-b40f-32398c967c64;USD;B;194002;2017;2017-11-03T23:00:00.000Z;CLOSED;4499.08
2c6e36d1-d1e5-4d24-8926-1e309804222f;USD;B;194002;2018;2018-09-14T22:00:00.000Z;CANCELED;12812.6
a56df028-0d3a-4974-b223-5945eda6e225;CHF;B;380067;2019;2019-08-09T22:00:00.000Z;CLOSED;9972.98
0ac0341b-d6bd-4e15-806c-6e5a6ba49a64;USD;B;138803;2017;2017-11-29T23:00:00.000Z;CANCELED;22888
0fd98826-2b3d-4c4f-adcf-8ad2fdf18f1d;EUR;B;174937;2017;2017-09-15T22:00:00.000Z;CANCELED;27707.57
811998a5-4d6e-42f8-a51d-de729823271f;CHF;C;380067;2020;2020-09-13T22:00:00.000Z;OPEN;1611.63
f6f8505f-f3ff-46a1-bd02-a0890849fdd7;USD;B;128364;2016;2016-12-07T23:00:00.000Z;CANCELED;33048.12
9fa8b575-b099-4a40-9aae-b832a7debca8;USD;B;319492;2017;2017-03-18T23:00:00.000Z;CANCELED;14431.97
8e2b477b-d2a7-45eb-baea-b7553f4a67ba;CHF;A;348189;2017;2017-10-16T22:00:00.000Z;CANCELED;34066.26
ef0999ca-6d25-4db1-afcb-5d3e9a9dc56e;USD;B;174937;2018;2018-05-29T22:00:00.000Z;CANCELED;41021.31
64eae4b4-1791-4279-b8a5-cbc4d03a594f;USD;B;348189;2016;2016-09-27T22:00:00.000Z;CLOSED;37338.03
58791225-27c2-4b18-97cf-735ac7a58887;USD;B;370271;2020;2020-04-26T22:00:00.000Z;IN PROGRESS;25292.09
4648817c-fe72-4b4f-bbf4-97075489f464;USD;B;370271;2018;2018-06-08T22:00:00.000Z;CLOSED;23709.27
282e61ea-1926-4fe8-bfa6-71848481c8fe;USD;C;138803;2018;2018-01-31T23:00:00.000Z;CLOSED;8195.3
71bf1553-65b9-4373-812c-2748ec6fd03e;CHF;C;138803;2017;2017-02-09T23:00:00.000Z;CANCELED;35668.32
7bff4b78-6098-46c0-9293-efa98ed0f892;CHF;B;370271;2020;2020-07-06T22:00:00.000Z;OPEN;15455.69
2c6c4f43-51b3-442e-9fa7-a1451d3e7b9c;USD;C;370271;2016;2016-03-19T23:00:00.000Z;CLOSED;1004.7
86a8c9ac-feb3-4652-9fa0-eb2367d7f331;CHF;C;348189;2016;2016-03-06T23:00:00.000Z;CLOSED;5668.23
bf824c06-5f73-47a3-bcc8-eac8519bcb9d;USD;B;138803;2017;2017-10-27T22:00:00.000Z;CANCELED;34053.24
b612182c-97af-49f0-9de5-840100ed4a89;CHF;B;348189;2018;2018-03-14T23:00:00.000Z;CANCELED;26703.23
6c4933cd-67f0-4eee-9ee1-e1d5a92eb267;EUR;C;194002;2018;2018-06-11T22:00:00.000Z;CLOSED;17718.64
57aaaed3-2c2c-4eb9-9830-2d37613d74e6;CHF;B;128364;2019;2019-07-27T22:00:00.000Z;CANCELED;3313.4
314d6b79-8cb8-4230-acca-ad7b4eab30ea;USD;C;138803;2017;2017-11-29T23:00:00.000Z;CANCELED;28242.6
9ebd36d0-f50c-4790-bfa9-3265c28198a6;CHF;B;319492;2016;2016-07-26T22:00:00.000Z;CLOSED;12395.57
b037eb04-c2e6-461a-b896-5294cd78985c;CHF;B;174937;2018;2019-01-21T23:00:00.000Z;CANCELED;1499.62
57429b00-e2d3-43eb-be93-08e94309478b;EUR;B;370271;2018;2018-06-16T22:00:00.000Z;CLOSED;5754.5
3fa0f362-7fe9-4dac-b88e-156cf1696991;USD;B;319492;2017;2017-02-09T23:00:00.000Z;CANCELED;32036.48
1824029f-527c-4718-b3d8-2fc9527ea313;USD;B;380067;2020;2020-08-22T22:00:00.000Z;DELAYED;28695.49
4d20fed6-84bf-47a7-8258-a8a87280ade0;CHF;B;370271;2018;2018-10-08T22:00:00.000Z;CLOSED;29267.39
f7a721ba-f743-48df-a453-688a0f755e5d;USD;B;319492;2018;2018-11-03T23:00:00.000Z;CLOSED;31762.3
48c94056-6bf4-4910-a0e0-f199bfc6e252;USD;C;319492;2017;2017-11-19T23:00:00.000Z;CANCELED;43834.19
1d1e58ef-a4a0-43ff-9997-e4283823831c;USD;B;174937;2017;2018-01-23T23:00:00.000Z;CLOSED;37827.03
77ef49ac-7fe3-4eb2-a77a-87d586a72776;USD;B;388640;2018;2018-06-26T22:00:00.000Z;CANCELED;51996.43
46e575eb-e926-405f-9873-3d35daf89c62;CHF;B;120358;2016;2016-07-26T22:00:00.000Z;CANCELED;1287.5
49bc61bf-b617-4ab3-b3e0-a979eb13168d;CHF;C;138803;2019;2019-03-29T23:00:00.000Z;CANCELED;4600.79
e8025227-25b1-4ff7-a993-b27639b29804;USD;B;138803;2017;2017-02-18T23:00:00.000Z;CLOSED;23930.9
a390888c-42a7-45cb-b40b-5477661d9238;USD;C;138803;2017;2017-12-02T23:00:00.000Z;CANCELED;10899.41
ca8c98d5-6d41-4104-99dc-28db24bd2421;USD;B;380067;2016;2016-11-27T23:00:00.000Z;CLOSED;29676.23
8012a244-0026-42a2-b220-180450ea3d68;USD;B;138803;2020;2020-05-28T22:00:00.000Z;OPEN;22426.51
4566fe34-28f8-412d-b42d-ef35b25c8653;USD;A;370271;2018;2018-02-24T23:00:00.000Z;CANCELED;5150
4a957b55-e2bb-4afc-b34c-6d82790ed5b3;EUR;A;138803;2018;2018-07-11T22:00:00.000Z;CLOSED;34605.79
d95c6cf5-3ea8-42f4-93d0-e64cde6d290c;EUR;B;388640;2019;2019-12-17T23:00:00.000Z;CLOSED;4939.37
34caf8be-c6f7-462d-8935-bca1cf09ed29;USD;A;348189;2018;2018-11-22T23:00:00.000Z;CANCELED;32277.9
7684905f-63aa-4c7d-b4c6-c1dccdc7632a;EUR;C;138803;2019;2020-01-01T23:00:00.000Z;CLOSED;19951.4
34734435-7d16-46b8-b43a-a895dd2563c7;USD;C;388640;2019;2019-10-19T22:00:00.000Z;CLOSED;32348.35
71a57479-9955-4f2f-8653-f3a21857fb08;EUR;B;319492;2017;2017-01-31T23:00:00.000Z;CLOSED;14782.55
1c8999ca-fdb9-4225-9403-076457d57261;CHF;A;370271;2017;2017-08-17T22:00:00.000Z;CANCELED;48509.45
791286bd-85aa-40a9-b227-f8a0fd163c84;USD;C;120358;2018;2018-02-03T23:00:00.000Z;CLOSED;20805.56
8709788e-ff36-48c2-bc93-4fa2e43bd4e7;EUR;A;174937;2017;2017-03-08T23:00:00.000Z;CANCELED;29677
ee49c447-831f-4692-894f-70fab78066a5;USD;C;348189;2020;2020-08-26T22:00:00.000Z;SUSPENDED;20214.85
c486864b-ac8d-4c34-a8ad-1a6c590e4170;USD;B;370271;2016;2016-07-29T22:00:00.000Z;CANCELED;34987.3
e3d3334c-464d-41f4-972b-36df47eb1227;CHF;A;388640;2019;2019-09-11T22:00:00.000Z;CLOSED;36299.79
e52d2b9f-5c5d-48fc-80ab-cdfdcd73aef1;EUR;B;319492;2019;2019-02-20T23:00:00.000Z;CLOSED;12367.09
65d9b54f-0259-45d7-a411-121f9c74aff1;USD;B;319492;2017;2017-02-10T23:00:00.000Z;CANCELED;3707.86
8f90c56d-3d46-4a9a-958f-5dadf9fa68b8;EUR;A;194002;2019;2019-03-19T23:00:00.000Z;CANCELED;24345.12
e52c5722-8c96-459a-9121-731405c5c50c;USD;B;348189;2018;2018-07-13T22:00:00.000Z;CLOSED;64585.26
25f552e2-fd2a-467c-8b63-603bd9b25d6f;CHF;B;370271;2016;2017-01-22T23:00:00.000Z;CANCELED;12078.16
92e1b452-f10d-4341-80fd-991cf6886bd0;EUR;B;174937;2019;2019-03-12T23:00:00.000Z;CLOSED;20837.19
d619a8c1-3b1f-400a-93c0-ba02f6709ed6;EUR;C;380067;2017;2017-04-22T22:00:00.000Z;CLOSED;3949.88
9ac6b909-5c0d-44fc-83fd-0168d4942631;CHF;A;138803;2017;2017-04-30T22:00:00.000Z;CLOSED;41977.17
2969fba0-e926-4516-9043-3c94601dfff7;CHF;B;348189;2018;2019-01-21T23:00:00.000Z;CANCELED;27155.04
05917833-38c3-4390-9345-cb0667994c71;USD;B;319492;2017;2018-01-12T23:00:00.000Z;CLOSED;19834.51
44969f91-3f40-4970-8d6a-84a8c06567ed;CHF;A;194002;2017;2017-04-14T22:00:00.000Z;CANCELED;10310.63
ae237219-e9c7-4066-aae8-56def40fcf9d;EUR;B;138803;2018;2019-01-12T23:00:00.000Z;CANCELED;15741.26
74765cbb-07d9-481f-98a6-f329b08b5151;USD;B;174937;2020;2021-01-16T23:00:00.000Z;DELAYED;37300.05
9a3ae0f1-253a-4dbb-9d9a-cdcc3830c0f9;CHF;B;120358;2017;2017-03-16T23:00:00.000Z;CLOSED;31621.34
53d22637-738a-4164-a0a1-7de28af1c47e;USD;B;380067;2018;2018-11-21T23:00:00.000Z;CLOSED;21021.21
689ece25-b494-4a01-b80c-635c744c4ffa;USD;B;138803;2018;2018-02-08T23:00:00.000Z;CANCELED;3262.94
117cd6a7-a3f9-4156-ad74-68d0d8cc9837;USD;A;348189;2020;2020-07-08T22:00:00.000Z;OPEN;9733.5
b5da0b78-54d8-454d-b1f3-abd74f1e7452;USD;B;319492;2017;2017-03-26T22:00:00.000Z;CLOSED;12723.65
0f00bbb4-3f3b-4e69-ab6e-1841d78fd0d4;CHF;B;348189;2018;2018-09-02T22:00:00.000Z;CANCELED;35810.08
e20d4ebf-d93e-4798-a8e3-d3a3f685191b;EUR;A;388640;2019;2019-05-23T22:00:00.000Z;CLOSED;7854.12
ba95e95d-bda2-4e5f-bb32-17d2f2f87dd9;EUR;B;138803;2018;2018-11-10T23:00:00.000Z;CANCELED;25853.18
6e466101-267a-433d-9632-2eb82fefbe9e;USD;B;120358;2018;2018-08-31T22:00:00.000Z;CANCELED;35816.54
57039eb6-ea13-4fcd-bd35-c70a5ef80f18;USD;B;370271;2016;2016-09-23T22:00:00.000Z;CLOSED;7830.48
31448738-91b0-4122-b7e8-dc641885f4ed;EUR;B;380067;2019;2019-10-06T22:00:00.000Z;CANCELED;28401.19
7f925467-1c13-497d-a66a-f456f16dafa2;USD;C;138803;2017;2017-07-28T22:00:00.000Z;CLOSED;25348.59
658d402c-1991-4d56-9cea-1764e5ffad32;CHF;A;370271;2019;2019-03-12T23:00:00.000Z;CANCELED;19012.77
1dabe86d-3044-4030-a0e5-946c51361e13;EUR;B;348189;2019;2019-02-21T23:00:00.000Z;CANCELED;7079.78
cd7eee54-64af-415a-a808-ccdd00fd1d9a;USD;B;380067;2017;2017-11-20T23:00:00.000Z;CLOSED;29730.02
03ae2138-790e-43df-a872-5b1c9fa6b0d3;CHF;B;120358;2019;2019-06-22T22:00:00.000Z;CLOSED;2707.39
276a2d2f-9c8b-473f-a303-c88e825cb839;CHF;C;138803;2017;2017-03-07T23:00:00.000Z;CLOSED;40273.92
8de21ed5-3349-45bd-8ad4-c6501d2a859e;USD;A;388640;2019;2019-08-16T22:00:00.000Z;CANCELED;13797.41
5c5f6504-a039-4242-bc99-d6be067a589d;CHF;B;120358;2018;2018-11-29T23:00:00.000Z;CANCELED;6788.71
88eccc6f-3555-4657-9961-1f74dd962e69;EUR;C;174937;2019;2019-10-27T23:00:00.000Z;CLOSED;12934.05
d641de53-3a3a-4c52-90c3-ab2c91e25474;USD;A;120358;2018;2018-04-22T22:00:00.000Z;CLOSED;6535.73
75de50d4-58ef-4366-ac1e-a9ab7e6db816;USD;A;380067;2018;2018-08-05T22:00:00.000Z;CLOSED;22118.03
32401055-fad1-4db1-b30e-6444e67d1b49;CHF;B;174937;2018;2018-07-26T22:00:00.000Z;CANCELED;17585.24
c9db07c8-d405-4c4e-be25-bc0fb891e292;CHF;A;380067;2019;2019-08-29T22:00:00.000Z;CANCELED;22767.24
52c0f182-dea2-440c-8b45-630f59a55879;USD;C;194002;2019;2019-09-21T22:00:00.000Z;CANCELED;20760.74
5b3a3d58-4c47-4ff4-a2aa-942446420e74;USD;A;380067;2019;2020-01-14T23:00:00.000Z;CLOSED;6439.97
21155c06-92e1-4cd5-9f64-5f316bd6b3ba;CHF;B;174937;2017;2017-07-06T22:00:00.000Z;CLOSED;25859.11
8e6e4b1c-db12-4cda-a5c8-3a651b82aa32;CHF;B;370271;2017;2017-07-20T22:00:00.000Z;CANCELED;16694.38
141f6383-e8a5-4c39-a66e-8c5f95d3f8ed;CHF;B;120358;2017;2017-06-30T22:00:00.000Z;CANCELED;22414.66
6dae7044-6943-41c4-9d39-6b81ad50261e;CHF;C;348189;2017;2017-07-22T22:00:00.000Z;CANCELED;9174.89
163f5290-fde5-4fb6-b24b-d01f284bdb34;EUR;B;380067;2018;2018-12-14T23:00:00.000Z;CANCELED;11759.37
ecefe6ed-6b00-48ce-bc66-580fc7606e58;USD;A;370271;2019;2019-12-05T23:00:00.000Z;CANCELED;48197.88
809c4bd9-7216-4775-a006-0c1ea8fa5c0d;USD;A;388640;2019;2019-09-02T22:00:00.000Z;CANCELED;19333.26
3408d4f0-e484-49c5-b3ef-335c55a8104a;EUR;B;380067;2017;2017-12-13T23:00:00.000Z;CLOSED;6230.67
d3739c0b-bfa3-4e9a-83b6-8f91e670a00e;USD;A;138803;2017;2017-07-09T22:00:00.000Z;CANCELED;25523.75
921ae518-1bf5-4836-880b-21d2a3d8f0dc;CHF;A;138803;2016;2016-09-06T22:00:00.000Z;CANCELED;25395.03
4e93fefb-1229-459d-ae41-a3617a18c48d;EUR;C;138803;2018;2018-06-29T22:00:00.000Z;CANCELED;11928.17
6f23cf07-2068-49e2-93bc-6f04cc5e5498;EUR;B;319492;2018;2018-07-07T22:00:00.000Z;CANCELED;24341.89
38d6795b-3f28-41ae-92bd-b7994a165b67;CHF;A;128364;2017;2018-01-19T23:00:00.000Z;CLOSED;2704.58
7f7ea05f-90ab-42b0-b9d0-4f7ed70f7540;EUR;C;380067;2018;2019-01-08T23:00:00.000Z;CLOSED;4958.8
7a1d6138-ad10-4edc-8046-83308289666d;USD;B;174937;2020;2020-08-27T22:00:00.000Z;OPEN;28293.27
592e4693-a592-4e71-98af-06e37f252c9c;CHF;B;194002;2016;2016-05-22T22:00:00.000Z;CANCELED;21040.28
2c736604-3e9d-484f-84aa-e26c16adaf5f;EUR;B;319492;2017;2017-05-23T22:00:00.000Z;CLOSED;12354.31
c7e6b7cc-6009-40d1-a657-c31d6d8e6978;CHF;A;348189;2019;2019-11-12T23:00:00.000Z;CANCELED;39898.82
88e73d12-eb29-48ef-ac29-70f42740294c;CHF;B;370271;2016;2016-07-19T22:00:00.000Z;CANCELED;16377.76
ad58a26b-aaf5-439f-8486-d5e7db45c6b6;USD;B;388640;2017;2017-09-09T22:00:00.000Z;CLOSED;6952.54
12a3f2cf-821d-4fd4-945c-244b91d8bec6;EUR;B;138803;2018;2018-05-31T22:00:00.000Z;CLOSED;20057.73
d234207c-8eb1-4b78-bec5-334883efa61f;USD;B;348189;2019;2019-03-10T23:00:00.000Z;CLOSED;39961.75
cbe88950-9c7c-4de2-910c-4c3936c77fb9;USD;B;174937;2019;2019-08-05T22:00:00.000Z;CLOSED;18541.82
431451a2-e23f-445e-ac24-d0d02b3263f1;EUR;B;138803;2019;2019-03-01T23:00:00.000Z;CANCELED;30065.43
9429cb98-f51a-40dc-985b-9f1c259f9f24;USD;B;120358;2016;2016-08-08T22:00:00.000Z;CLOSED;16490.32
16f52735-b246-4082-b514-94f4110efb25;USD;B;348189;2016;2017-01-24T23:00:00.000Z;CLOSED;20447.65
f1b85b6d-6447-4e0f-b5e9-cc69d5b695be;USD;B;370271;2016;2016-05-22T22:00:00.000Z;CLOSED;7031.09
f1cbd63c-0bda-41a9-858a-8b195c4d8d3f;USD;A;370271;2016;2016-04-29T22:00:00.000Z;CANCELED;23158.07
0a4cafa7-4f64-441e-8be0-a81d4fa6643a;USD;B;370271;2018;2018-09-09T22:00:00.000Z;CANCELED;9312.16
ea313dea-6a6a-40fd-8b99-92b96d8d14e7;USD;B;174937;2019;2019-04-26T22:00:00.000Z;CLOSED;20352.47
bcb8e1ef-e5a6-4184-8c1b-44fb7768ec39;CHF;C;138803;2018;2018-03-20T23:00:00.000Z;CANCELED;33891.16
6f8ac610-6ead-44f4-a8dd-f066fe84f396;USD;B;348189;2018;2019-01-20T23:00:00.000Z;CLOSED;19668.86
6f66e632-0b01-48ab-a789-465c20fd06c4;EUR;B;138803;2018;2018-08-17T22:00:00.000Z;CLOSED;17208.38
a2732542-d829-445c-a985-d794fc96b814;USD;B;319492;2017;2017-05-06T22:00:00.000Z;CLOSED;20050.32
1bf446c8-0ac0-4c7e-aa49-19a307683dac;EUR;A;319492;2019;2019-03-28T23:00:00.000Z;CLOSED;11141.55
4c155e7b-ca0d-4c8f-b959-46a0652a3d37;USD;B;388640;2019;2019-05-20T22:00:00.000Z;CLOSED;13438.69
5d9781de-2ad6-42df-ba13-74aef8c0b903;CHF;B;380067;2017;2018-01-06T23:00:00.000Z;CANCELED;57074.82
70c93c01-07e0-4af8-a8ea-b4be6c247d06;CHF;A;388640;2017;2017-10-27T22:00:00.000Z;CANCELED;8472.1
4469f457-562b-4db3-a88b-6537a702fa4b;EUR;B;319492;2019;2019-02-18T23:00:00.000Z;CLOSED;15034.1
d23a89ba-4e98-49eb-9818-ae57ea9e0ac2;CHF;C;370271;2016;2016-10-13T22:00:00.000Z;CLOSED;31132.26
6fb82a10-7e7f-4b20-b504-67a51746a35e;USD;C;194002;2018;2019-01-27T23:00:00.000Z;CLOSED;9621.4
fe33edaf-b5d9-46c6-b326-5696566e20a5;CHF;B;194002;2017;2017-02-24T23:00:00.000Z;CLOSED;21660.53
2d708147-5203-4fe5-8099-3373dd3fca29;EUR;B;348189;2018;2018-08-12T22:00:00.000Z;CLOSED;14145.6
ba0e9571-9d60-4763-983a-0baae6d36f84;USD;B;388640;2017;2017-12-31T23:00:00.000Z;CANCELED;34354.67
27fe7837-2375-488a-aa48-72b9ae519b43;CHF;A;138803;2018;2018-03-02T23:00:00.000Z;CLOSED;18088.98
11814925-61b9-4b7c-8197-7b9ffa5d2469;USD;B;380067;2019;2019-06-13T22:00:00.000Z;CLOSED;21954.27
56b71981-57dd-4921-a957-11d0d08ae31c;EUR;B;388640;2019;2019-12-23T23:00:00.000Z;CLOSED;26171.39
d9c316eb-b29c-4d64-a8d0-7defb7175d45;USD;A;388640;2017;2017-09-21T22:00:00.000Z;CANCELED;7801.23
1c9b3414-502e-463c-adfa-c990cb9d02b1;CHF;B;174937;2017;2017-12-21T23:00:00.000Z;CANCELED;17540.3
b9803205-9f8b-4fac-a76d-195340e0cf0c;USD;C;138803;2017;2017-06-29T22:00:00.000Z;CANCELED;13951.57
a38e3185-96e7-4aa7-b5bf-bb485d137625;USD;B;370271;2019;2019-08-18T22:00:00.000Z;CANCELED;37149.05
2e1f5343-e738-440f-923a-3493e0097734;USD;B;138803;2019;2019-10-25T22:00:00.000Z;CANCELED;4623.45
9aba845c-017c-4134-9d6d-e61fa79514f0;CHF;B;138803;2019;2019-12-16T23:00:00.000Z;CANCELED;34186.04
89fc3573-8ab0-4da6-b702-dfc583a2a100;USD;B;194002;2016;2016-08-10T22:00:00.000Z;CLOSED;29261.04
afc84e3d-4fa8-40b1-a49e-d4aa34df1ee7;USD;B;194002;2019;2019-02-09T23:00:00.000Z;CANCELED;6858.15
00bfe4f6-0d38-44fa-901f-c1824d1dbb0f;USD;C;138803;2018;2019-01-30T23:00:00.000Z;CLOSED;5872.14
839737ef-5a85-4c30-b419-e05e2144fdd6;USD;C;380067;2017;2017-03-18T23:00:00.000Z;CLOSED;21143.36
4fa14c30-88f8-457d-b1c8-01d8c12af577;EUR;C;194002;2019;2019-12-01T23:00:00.000Z;CANCELED;25719.4
e81e561f-1a0c-4c43-beb1-cdf628d04a3b;CHF;C;319492;2017;2017-08-07T22:00:00.000Z;CLOSED;19020.12
0e9fb9ef-94d1-4c2b-8462-57a7dd83bfc3;CHF;B;194002;2017;2017-11-18T23:00:00.000Z;CLOSED;25453.78
61c823e2-68b5-4751-b142-59e038127f85;USD;B;370271;2017;2017-07-23T22:00:00.000Z;CANCELED;11562.33
010c34b0-1fea-4a6a-8b15-ca212021423d;EUR;A;319492;2019;2019-06-24T22:00:00.000Z;CLOSED;3313.4
3590fc36-8a9e-4907-8492-37094c2651e2;USD;C;138803;2017;2017-06-13T22:00:00.000Z;CANCELED;10757.48
d322f523-660b-4004-a884-bd4bdbff6050;EUR;A;128364;2020;2020-08-16T22:00:00.000Z;SUSPENDED;11099.2
cac050a1-c38e-4576-9da1-eb899b2036ae;EUR;C;120358;2016;2016-02-02T23:00:00.000Z;CANCELED;17504.89
5c208389-b8e7-44c9-99e6-6ed41260ff0d;EUR;A;380067;2016;2016-11-22T23:00:00.000Z;CANCELED;27772.52
655b4451-e1ad-42c7-88bc-6eec127f6ee0;USD;C;128364;2018;2018-04-26T22:00:00.000Z;CLOSED;19522.75
4eaa693e-d63a-4132-b4cd-c38e22cef5c8;USD;B;319492;2018;2018-12-18T23:00:00.000Z;CANCELED;29883.37
cdaa22c9-c4ff-4d3f-9947-d5302cd5d764;EUR;B;388640;2017;2017-03-04T23:00:00.000Z;CLOSED;14417.72
a9ca595e-25fc-4b41-9fa5-1890b4ce6eca;USD;B;138803;2018;2018-05-02T22:00:00.000Z;CANCELED;25964.87
fe1c01b9-bd39-4df6-bdb3-2a038999c6a5;USD;B;120358;2019;2019-10-30T23:00:00.000Z;CLOSED;37462.01
32bfb3bc-eb9c-42fd-9fa4-6e3c2db7ec9a;USD;B;348189;2018;2018-07-14T22:00:00.000Z;CANCELED;23375.07
f3f1e6f9-8898-45c6-9d42-d31cf9be3e47;EUR;C;380067;2019;2019-10-02T22:00:00.000Z;CANCELED;36545.85
71ff30d5-84a3-40a4-b1e8-517220f414ea;USD;A;174937;2016;2016-09-17T22:00:00.000Z;CLOSED;27892.93
aca9f362-6392-4ae8-ba04-1bacd74b8cf8;EUR;A;174937;2018;2018-09-30T22:00:00.000Z;CLOSED;14604.82
61255a5a-66cd-4c5a-b8d7-97aa23e4ece7;EUR;B;138803;2017;2017-05-07T22:00:00.000Z;CANCELED;33366.8
57be957b-2cfb-4a3e-ac00-e9fbcc5d424e;USD;C;388640;2019;2019-09-27T22:00:00.000Z;CLOSED;3360.96
afefa24a-0bbc-4d8e-81c6-c0828bd15fa0;USD;B;138803;2019;2019-07-01T22:00:00.000Z;CLOSED;12934.87
4d210fe1-1d29-437e-9c04-7211a667cfda;USD;B;319492;2019;2019-07-16T22:00:00.000Z;CLOSED;10693.4
b099f163-3825-421e-ba12-c37edd0b7775;USD;B;174937;2018;2018-07-25T22:00:00.000Z;CLOSED;2479.73
508b0795-ba5b-427c-b5b7-f97f11662569;CHF;B;138803;2017;2017-12-24T23:00:00.000Z;CANCELED;19480.33
10fe40c5-2204-4bcd-b8ae-8ad9cc778499;USD;B;174937;2020;2020-09-02T22:00:00.000Z;CLOSED;15964.88
1b43bb84-9535-4b68-a041-fe7cceade2a8;USD;B;348189;2020;2020-10-08T22:00:00.000Z;SUSPENDED;21253.46
c17b4c7d-8e34-4875-99a0-79cffd2bd659;EUR;A;138803;2019;2019-02-22T23:00:00.000Z;CANCELED;27295.29
6fe04253-0398-4081-afa8-cd32bb642c06;USD;A;319492;2019;2019-09-26T22:00:00.000Z;CANCELED;5183.36
66460efe-f386-4154-ab5f-6386fd23f797;EUR;B;128364;2017;2017-11-28T23:00:00.000Z;CANCELED;4033.72
f88e4eeb-e52b-4b75-b36a-6042647d5243;USD;B;319492;2017;2017-03-22T23:00:00.000Z;CANCELED;13248.21
da2c280e-7bca-49c1-97e2-805cac484369;CHF;C;380067;2017;2017-06-13T22:00:00.000Z;CLOSED;5417.31
e16fcb81-de94-4ad7-9ecb-3af10cd4121e;EUR;A;319492;2019;2019-03-03T23:00:00.000Z;CLOSED;1029.86
7aeefaae-ef3c-4bff-8178-a9abb5a839c4;USD;A;194002;2019;2019-02-14T23:00:00.000Z;CANCELED;9201.58
21f8aa5f-5a5d-4715-808a-67feff11be21;EUR;B;348189;2017;2017-12-01T23:00:00.000Z;CLOSED;2647.3
0b3841b6-9496-4e70-bc27-d044b7f239c9;CHF;B;138803;2019;2019-09-09T22:00:00.000Z;CLOSED;12170.61
6368a6ee-9d93-4b6b-9a08-a4ca855b78b0;CHF;C;138803;2018;2018-03-22T23:00:00.000Z;CLOSED;20198.38
204ea8be-860d-4dac-aebb-87b9c28d8f4d;USD;B;348189;2018;2019-01-03T23:00:00.000Z;CANCELED;26407.29
52387796-e5ec-4c2e-acb5-cdb3e27b3074;USD;C;370271;2019;2019-07-17T22:00:00.000Z;CANCELED;31593.93
27e1c049-17b3-4e5c-b0f5-0df67ba91236;USD;B;380067;2016;2016-02-05T23:00:00.000Z;CLOSED;15181.92
c4d3ba52-19d4-4817-978e-427d7f590dd1;EUR;A;348189;2019;2019-09-13T22:00:00.000Z;CANCELED;22169.22
5160ccf5-8558-488b-83b7-a9d0e925774b;CHF;C;380067;2019;2019-12-12T23:00:00.000Z;CANCELED;24340.25
7ba53864-fd5d-470b-8520-8303026e9977;USD;B;388640;2016;2016-03-01T23:00:00.000Z;CLOSED;26699.63
55cd0c81-164b-4756-925a-a648fb2feda2;USD;A;194002;2019;2019-05-10T22:00:00.000Z;CANCELED;43484.57
482b0cf6-340f-44bf-b287-52e63a2c9f0d;USD;B;194002;2018;2018-09-30T22:00:00.000Z;CANCELED;22530.23
cd7d1112-807c-4fd4-8cef-7e2596ea61e8;USD;B;380067;2018;2018-05-18T22:00:00.000Z;CLOSED;30200.17
640308ac-71dc-45b9-b6d7-2bc1453fb252;USD;B;120358;2018;2018-03-22T23:00:00.000Z;CLOSED;20807.65
0dbb9176-b17d-48cd-970e-ffb4d65e976a;EUR;C;348189;2018;2018-02-14T23:00:00.000Z;CANCELED;26554.34
a0112a84-8885-48b9-b322-00fc1ef5dfd2;CHF;C;370271;2018;2018-07-01T22:00:00.000Z;CLOSED;20785.39
9e96acf2-a0f4-48ea-8d04-7b0bfbcfb332;USD;C;348189;2017;2017-08-31T22:00:00.000Z;CANCELED;10841.24
5616cb0e-28ba-42fa-9f0d-781cf667addf;USD;B;348189;2018;2018-09-04T22:00:00.000Z;CANCELED;6717.95
45c3be1d-8a9c-416f-acbd-37e642fdc374;USD;A;319492;2020;2021-01-03T23:00:00.000Z;OPEN;28708.21
91b69056-59f0-4f5b-8288-e951b6cc3714;EUR;A;388640;2019;2019-10-12T22:00:00.000Z;CANCELED;9867.67
c50c8694-7878-4fee-a498-5fa9e90ac782;CHF;A;174937;2019;2019-06-28T22:00:00.000Z;CANCELED;2169.91
2497330d-1298-421d-bb50-62fd629cdcfb;CHF;B;319492;2018;2018-08-20T22:00:00.000Z;CANCELED;15519.09
97fe02de-11d5-41b5-9378-9bfcfbee33a1;EUR;B;319492;2018;2018-02-21T23:00:00.000Z;CANCELED;14886.36
b4dfc1dd-9a74-4c13-888c-f93b6ee8b88d;USD;B;348189;2018;2018-01-31T23:00:00.000Z;CLOSED;20636.73
48d58fd9-0582-4bb5-a5cb-87031227a81e;USD;C;174937;2017;2017-11-30T23:00:00.000Z;CANCELED;12662.54
cd11c542-17b0-48de-8fcd-d287d5a50660;USD;B;370271;2018;2018-06-20T22:00:00.000Z;CLOSED;40938.23
39ed9354-7dfd-4bd8-a5b6-39492bd901a5;USD;B;370271;2019;2019-06-20T22:00:00.000Z;CLOSED;13463.23
b12ead3e-6201-44f8-bc18-a827fe815a40;CHF;A;174937;2018;2018-02-06T23:00:00.000Z;CANCELED;16145.11
4c6e5f3d-7ed8-493d-a4de-18f39a79e18a;USD;B;138803;2017;2017-08-01T22:00:00.000Z;CLOSED;25626.3
9cde72a3-197c-4a4e-a9e0-ff0326b4b851;CHF;A;194002;2018;2018-10-18T22:00:00.000Z;CLOSED;2436.75
e7cecfe6-c74c-4291-a21a-394026a0e8cb;USD;B;388640;2019;2019-11-20T23:00:00.000Z;CLOSED;30459.05
6aa4d499-c41c-49b4-984f-8dc63147d53e;EUR;B;174937;2018;2018-07-06T22:00:00.000Z;CANCELED;11260.8
c69ebd3a-eb88-4a84-8c0f-894a8191f123;USD;A;370271;2020;2020-09-19T22:00:00.000Z;IN PROGRESS;14573.14
ee86d52a-246e-40ee-862b-2b28238db781;CHF;C;348189;2018;2018-09-03T22:00:00.000Z;CANCELED;99.89
9b5d64ab-5a7c-469e-b593-371ed5e40a82;USD;A;348189;2019;2019-03-26T23:00:00.000Z;CANCELED;33790.77
78296905-5bba-45ab-b66d-8897938e4597;CHF;C;348189;2018;2018-04-17T22:00:00.000Z;CANCELED;28031.32
4b70fe2e-aea0-4e3b-baf5-8f8054d9727b;CHF;B;174937;2019;2019-10-20T22:00:00.000Z;CANCELED;24755.97
8a7e41b6-853a-4778-be03-22fa721eaf2b;EUR;B;348189;2018;2018-08-24T22:00:00.000Z;CLOSED;21333.93
51d40651-13fb-426b-bf9d-92fc1810dbe5;USD;C;319492;2016;2016-07-09T22:00:00.000Z;CLOSED;22565.19
0759f1e9-7a44-4de7-a75d-7671b14ab896;CHF;B;370271;2018;2018-03-25T22:00:00.000Z;CANCELED;5562.94
aff0885a-3a33-42db-9b92-7862eb77b505;USD;B;388640;2018;2018-07-02T22:00:00.000Z;CANCELED;1639.1
d2fbb55f-0f16-49c8-8606-0dd0f5b44dd7;USD;C;120358;2017;2017-04-27T22:00:00.000Z;CANCELED;21447.58
ad43d408-ce43-4ded-acc4-3688fb5806fb;USD;C;370271;2017;2017-05-12T22:00:00.000Z;CLOSED;21369.32
40feb5c4-bf39-4252-8004-1866d654dd46;CHF;B;319492;2017;2017-06-30T22:00:00.000Z;CLOSED;32378.2
adee9a70-0bcc-4057-8e0a-ee351382211c;EUR;B;138803;2019;2019-10-13T22:00:00.000Z;CANCELED;16116.89
a2a4d9ae-9e62-4be3-a50a-2d8ec2db9e59;CHF;B;128364;2020;2021-01-15T23:00:00.000Z;DELAYED;12210.84
c2764126-a4a6-4362-8632-a12145def53a;EUR;C;348189;2016;2016-08-29T22:00:00.000Z;CLOSED;25739.3
ff3bf485-5d1c-4196-9089-b2afeac087b1;USD;B;128364;2020;2020-07-03T22:00:00.000Z;OPEN;7493.98
d51f6773-4e33-4fa4-8abd-aead0a77cb1e;EUR;C;319492;2017;2017-02-24T23:00:00.000Z;CLOSED;24089.65
7e03c323-4a82-47ed-a6fa-706cb3de06ab;EUR;B;348189;2019;2019-07-27T22:00:00.000Z;CLOSED;17568.39
4a389938-a0c8-4cba-a4d0-002bdd2fa831;USD;B;174937;2020;2020-10-26T23:00:00.000Z;IN PROGRESS;5756.87
ea8ebfa7-f6bc-42d6-afde-74076a1b95bd;EUR;C;348189;2016;2017-01-08T23:00:00.000Z;CANCELED;14294.11
fb4cd92a-a92c-423b-a225-35ba3c74d99d;EUR;B;370271;2018;2018-09-05T22:00:00.000Z;CLOSED;3129.12
98c264df-f9ab-450c-8e65-89dbc4638bd1;USD;C;370271;2017;2017-04-30T22:00:00.000Z;CANCELED;6076.37
919fa20a-d93f-4ac3-bb37-bc1472ac1be4;USD;B;370271;2018;2018-10-01T22:00:00.000Z;CLOSED;25324.1
02e6f32c-bccc-4082-98e6-c687e020cf82;EUR;B;138803;2018;2018-03-21T23:00:00.000Z;CLOSED;12280.71
77bd5141-20e6-41ac-b3a9-b53925dc0e59;CHF;B;174937;2018;2018-03-21T23:00:00.000Z;CANCELED;18868.27
82e834e6-94dd-4d06-a357-c640206a35bb;USD;B;380067;2017;2017-11-05T23:00:00.000Z;CLOSED;24466.59
20e6eb13-3b50-4679-995f-1fe6f572d898;CHF;B;174937;2018;2018-03-06T23:00:00.000Z;CANCELED;50729.99
1e7d8f79-3812-4fb4-a421-4eaf3a0687f9;USD;B;348189;2016;2016-06-05T22:00:00.000Z;CANCELED;14070.33
3a5e5d57-60e5-4896-87e9-2cc463f2e8b4;CHF;B;388640;2018;2018-06-26T22:00:00.000Z;CLOSED;14114.05
3c7d7371-4e79-4e57-b19b-651e9205a7fb;CHF;B;370271;2016;2016-03-15T23:00:00.000Z;CANCELED;28387.11
f7ffd823-1894-4294-8182-e57590211659;USD;A;388640;2018;2018-03-26T22:00:00.000Z;CLOSED;18506.72
205d5459-d70c-484a-93e3-b3c2d136ef9a;USD;B;380067;2018;2018-10-05T22:00:00.000Z;CANCELED;14157.98
6841fbaa-e371-4c93-adba-77d4ecf94f25;USD;B;348189;2019;2019-09-20T22:00:00.000Z;CANCELED;35180.35
f08eedc4-bf87-41cb-a415-7668d80db809;USD;A;120358;2017;2017-03-18T23:00:00.000Z;CANCELED;23658.15
e20a67d4-9e66-4aeb-b6a0-7ffcf43540d1;EUR;C;319492;2019;2019-10-03T22:00:00.000Z;CLOSED;9360.26
e63fcd5c-aa1c-43c0-ad49-2c9d3fc345a4;USD;C;388640;2019;2019-02-08T23:00:00.000Z;CLOSED;2249.54
96acb5fd-a0b8-4da0-bc15-c44dd5c1ac8e;USD;A;380067;2020;2020-09-10T22:00:00.000Z;IN PROGRESS;14284.56
61bac8e9-1395-4ec5-9ce2-7af9543c273e;EUR;B;174937;2019;2019-11-12T23:00:00.000Z;CLOSED;5684.17
cfb7b334-e365-4e9a-a91a-74065632a670;EUR;B;319492;2018;2018-06-20T22:00:00.000Z;CLOSED;17013
014bf2aa-50be-4c1a-be11-ca0f92cdb22b;CHF;C;194002;2018;2018-08-17T22:00:00.000Z;CANCELED;22740.1
d5bb48a0-4029-4159-8314-86245afcfdc6;EUR;B;174937;2017;2017-05-12T22:00:00.000Z;CLOSED;15931.37
badb2c03-4ce8-4924-8f49-0c050f2b189b;USD;C;370271;2017;2017-11-27T23:00:00.000Z;CANCELED;12997.73
11505423-676b-473d-8ec2-a8c9b33be65b;USD;B;194002;2017;2017-03-17T23:00:00.000Z;CLOSED;16622.69
dc05e9e5-aa99-46d6-b8c9-e2f6df15934e;USD;B;120358;2019;2019-03-19T23:00:00.000Z;CANCELED;39740.29
1cf430c8-418e-4343-88de-a487ef968eae;EUR;C;370271;2017;2017-04-13T22:00:00.000Z;CANCELED;7377.25
34de1ba8-51f9-449d-a309-886dff64a81d;CHF;B;194002;2018;2019-01-02T23:00:00.000Z;CANCELED;10034.33
67f4f264-7d37-4f21-9453-9ece70c4f47a;USD;A;194002;2018;2018-08-15T22:00:00.000Z;CANCELED;10117.19
9595f2db-bcf1-477f-9aae-a52b6dc27a5b;USD;B;128364;2017;2017-09-18T22:00:00.000Z;CANCELED;17410.09
6d4b6fee-39ac-49ce-af68-b4246b9d65fd;USD;B;194002;2018;2018-05-26T22:00:00.000Z;CLOSED;16693.34
323de69d-be9a-498d-99ef-4593ef5621df;EUR;A;319492;2019;2019-09-08T22:00:00.000Z;CANCELED;27078.6
638bf953-9a78-4b40-a316-06b6647cace0;CHF;C;388640;2017;2018-01-06T23:00:00.000Z;CANCELED;36593.11
a5577929-3405-41f0-a25d-6074b0c5c133;USD;C;348189;2018;2019-01-14T23:00:00.000Z;CLOSED;12952.2
de2028d1-6fb6-4b4c-b751-f729bdfab4cd;EUR;A;319492;2018;2018-11-08T23:00:00.000Z;CANCELED;47704.14
11680371-2439-4c68-bb67-4e19015aa8ea;USD;B;388640;2020;2020-02-13T23:00:00.000Z;IN PROGRESS;25940.11
b26054b6-4b1c-4a7d-99bf-34ec648c0025;USD;B;128364;2020;2020-04-12T22:00:00.000Z;IN PROGRESS;2543.26
723d7366-35ff-4b59-986d-a3cdfb8c8492;CHF;B;319492;2017;2017-07-04T22:00:00.000Z;CANCELED;11333.89
60c8cea6-fe70-433d-9aeb-d3ba96d66e4d;USD;A;319492;2016;2016-07-21T22:00:00.000Z;CLOSED;18867.86
253cfbae-ec26-4192-84b3-de7930492928;USD;B;194002;2018;2018-05-13T22:00:00.000Z;CLOSED;19232.71
2169538d-eb01-4660-b73c-3794e3486edd;USD;B;138803;2018;2018-12-10T23:00:00.000Z;CANCELED;28768.47
af6f580d-6448-40b2-a20a-2af7f60c31f9;CHF;B;319492;2019;2019-12-28T23:00:00.000Z;CANCELED;7495.03
e3a55f31-318a-49b6-a820-b7e56028ebcd;EUR;B;174937;2019;2019-09-21T22:00:00.000Z;CANCELED;16739.26
66e90c95-1b32-4cde-844a-000d72dbf5e8;EUR;B;388640;2017;2017-02-04T23:00:00.000Z;CLOSED;14853.36
94dbd598-7d0e-4d32-82a6-c502431c74f7;USD;B;194002;2020;2020-03-27T23:00:00.000Z;IN PROGRESS;26360.89
ee6c1d6b-7c0f-499d-a0e5-b07b15a93686;USD;B;319492;2019;2019-06-01T22:00:00.000Z;CANCELED;28360.81
547ea76b-d0e9-4878-bee3-82cfe09de5d6;EUR;A;138803;2020;2020-05-21T22:00:00.000Z;CLOSED;39157.54
f868e85b-38ac-491f-b69b-0a80fa66e174;EUR;A;128364;2017;2017-10-19T22:00:00.000Z;CANCELED;22081.48
a5d31c0e-5d2c-4caa-8201-c051ef9c4e32;EUR;A;388640;2019;2019-08-20T22:00:00.000Z;CANCELED;4622.08
36cd84ba-729a-4a5d-ae25-0aec99675983;USD;C;194002;2018;2018-12-24T23:00:00.000Z;CLOSED;5164.56
cd1ff020-87d2-48dc-a80a-b0e675854705;EUR;C;128364;2017;2017-07-17T22:00:00.000Z;CANCELED;29908.65
4af45ffc-7444-4de8-82e9-fd1820860f1f;EUR;C;174937;2017;2017-02-25T23:00:00.000Z;CLOSED;9324.69
8e534d26-25b8-4ded-a6e1-fcbd214fd196;USD;B;388640;2019;2019-07-20T22:00:00.000Z;CANCELED;11264.66
54b4ea7d-bbb9-4ba0-83a5-12a67ba27cdc;CHF;B;194002;2019;2019-10-03T22:00:00.000Z;CLOSED;35777.63
2245c5a4-e231-4f2b-8c38-ff7d84f9d2ce;USD;B;380067;2019;2019-04-14T22:00:00.000Z;CLOSED;11371.58
4cdb0f95-5616-45ff-8b7b-206141853af3;EUR;C;138803;2018;2018-11-30T23:00:00.000Z;CLOSED;25800.6
5862c5ad-781e-46a6-ba0f-ee52b1ee3739;EUR;C;370271;2016;2016-08-18T22:00:00.000Z;CLOSED;13638.89
0652460e-f274-42ef-8a9e-d610550eba21;EUR;B;174937;2018;2018-06-21T22:00:00.000Z;CLOSED;6037.89
8bafc5f3-f0f6-4eee-b018-4c64b6d85456;USD;B;174937;2018;2018-02-01T23:00:00.000Z;CLOSED;26334.36
3ab61faf-8c64-4008-ba75-b7349810cf3c;USD;B;128364;2020;2020-10-05T22:00:00.000Z;DELAYED;14501.72
aea83a3f-5527-47f5-82f2-881398d32fe4;EUR;C;120358;2019;2020-01-03T23:00:00.000Z;CLOSED;19489.03
f62226ea-1335-42d3-96ec-056427b04f5c;USD;A;380067;2018;2018-12-25T23:00:00.000Z;CLOSED;28706.78
689a4448-beba-4a55-87d8-35e24cfb2ba1;CHF;C;348189;2018;2018-05-01T22:00:00.000Z;CLOSED;15363.86
98b21840-148c-4963-8f78-af4f937b63b4;USD;C;194002;2018;2018-09-05T22:00:00.000Z;CANCELED;22143.75
b7835494-4b44-4e30-9f88-1b4de4191d83;USD;A;138803;2018;2018-07-09T22:00:00.000Z;CANCELED;6887.85
6b6fa6d4-a417-48f7-8406-ed6fbee46993;EUR;B;194002;2016;2016-09-04T22:00:00.000Z;CANCELED;38332.3
0beb6587-6497-4115-8991-ebf7e1992fc7;USD;B;194002;2019;2019-10-05T22:00:00.000Z;CLOSED;20215.01
cf89a996-a1a9-4f16-a0a5-5db780750c0a;USD;C;194002;2017;2017-08-23T22:00:00.000Z;CLOSED;4519.82
9e8e0f53-7c17-4b8c-a84a-ebc2e6e924fa;USD;C;380067;2017;2017-09-03T22:00:00.000Z;CLOSED;7779.44
4bf74517-b0b3-480b-80e9-4ed2ededac45;USD;B;174937;2018;2019-01-09T23:00:00.000Z;CLOSED;11085.05
bfc3a13e-08c0-407c-b004-b3ab3f5c6536;EUR;B;319492;2019;2019-11-15T23:00:00.000Z;CLOSED;39966.8
db24eaf5-cc01-4ab8-96ad-c87c31d5598b;USD;B;138803;2018;2018-09-28T22:00:00.000Z;CLOSED;25481.03
d10638fa-595c-4fa3-abb2-121775e0dc17;USD;C;380067;2017;2017-07-31T22:00:00.000Z;CLOSED;21799.17
cf172f72-f0fd-41de-bd1e-2284dca4d577;CHF;B;319492;2017;2017-11-21T23:00:00.000Z;CANCELED;1124.77
8c3ca60a-e94a-44d7-bf83-617c81899d4b;EUR;A;388640;2017;2017-02-24T23:00:00.000Z;CLOSED;15755.59
438832a8-2889-4877-820f-d9d262165540;USD;A;370271;2019;2019-03-19T23:00:00.000Z;CANCELED;22191.36
170fcf57-f384-48c4-84d9-8989d2d050bf;EUR;A;348189;2019;2019-08-29T22:00:00.000Z;CLOSED;2175.93
db4b59ef-ab16-4159-bc14-7adf1bf640c2;USD;B;370271;2019;2019-05-12T22:00:00.000Z;CANCELED;15036.87
2a5ad328-4bfe-49bc-97e6-9ae0cc860d51;USD;B;388640;2019;2020-01-19T23:00:00.000Z;CLOSED;26597.57
13b5f5c9-39b7-453f-b345-0e58ebf4850f;CHF;C;348189;2019;2019-10-13T22:00:00.000Z;CANCELED;17576.45
90783572-ce6c-4335-8d8d-88bee3d7a2a9;USD;A;388640;2018;2018-07-22T22:00:00.000Z;CLOSED;16268.13
a8d810a8-3bc2-404a-ad44-90decb191e1f;CHF;B;174937;2019;2019-08-26T22:00:00.000Z;CLOSED;30745.36
63db2a4c-43f6-477a-a0e3-ea33290942e6;USD;B;194002;2018;2018-03-16T23:00:00.000Z;CANCELED;8629.5
b209239b-62c5-41b6-8e84-9ce948491bf3;USD;B;128364;2019;2019-02-09T23:00:00.000Z;CLOSED;27988.9
ec01cd35-90df-4392-a56c-7a7c1fd3431f;CHF;B;194002;2018;2018-12-26T23:00:00.000Z;CLOSED;10729.03
be9142f9-4d90-4e7d-a440-d255f2b58e3b;EUR;B;348189;2018;2018-03-21T23:00:00.000Z;CLOSED;9433.15
9d8b429f-5f98-41eb-bba2-01e1149a79a6;EUR;B;120358;2018;2018-07-05T22:00:00.000Z;CANCELED;9220
e5f84478-6766-4539-b020-ed74c8e693b8;EUR;B;194002;2016;2016-08-16T22:00:00.000Z;CANCELED;7402.1
9ee99261-e3bf-46c5-a720-077249536d8b;USD;A;380067;2018;2018-05-07T22:00:00.000Z;CANCELED;25759.36
819e817f-f1ea-4630-9540-f7d00ac0c531;USD;B;120358;2018;2018-09-01T22:00:00.000Z;CANCELED;27554.61
4e6cf650-5e5c-4518-a29d-6ddd6b47d0a9;USD;A;380067;2018;2018-09-16T22:00:00.000Z;CANCELED;37881
2598729c-98e0-484f-897f-4e0f801dd3e8;CHF;C;370271;2018;2018-07-27T22:00:00.000Z;CANCELED;35796.81
ab83d713-9fed-4528-abac-70acbdee8782;USD;B;380067;2020;2020-05-14T22:00:00.000Z;CLOSED;19938.43
090e442f-6951-485b-9304-82f0dc45206e;USD;A;319492;2019;2020-01-22T23:00:00.000Z;CLOSED;33953.43
c1fe5937-ab79-48c1-bf73-3c7c5e6fc9c5;USD;C;174937;2017;2017-05-14T22:00:00.000Z;CANCELED;14153.52
2060b4a3-8207-462b-8e19-eec392492007;USD;C;138803;2019;2019-09-24T22:00:00.000Z;CANCELED;2244.97
303c6216-5059-4473-aa56-e4196ddbc418;EUR;B;194002;2018;2018-11-04T23:00:00.000Z;CLOSED;32100.13
07e62e1a-34ed-40a4-a5ff-bdc6e88f790b;USD;B;128364;2020;2020-10-30T23:00:00.000Z;IN PROGRESS;8464.58
2b79dc3c-81de-41fa-871c-491b27cb2518;CHF;C;138803;2017;2017-07-27T22:00:00.000Z;CANCELED;44372.21
43fbf9cc-5e1c-4c08-9d64-c4c0601537fa;EUR;B;138803;2016;2016-04-09T22:00:00.000Z;CLOSED;30231.18
25253053-e030-4f0a-b66e-cafede3bc0e2;USD;B;138803;2019;2019-12-28T23:00:00.000Z;CANCELED;3604.5
fb2f3bc2-9e56-4313-a155-e503a6e0ad7b;USD;B;120358;2017;2017-04-04T22:00:00.000Z;CANCELED;14318.7
82d013cd-b1a1-443e-8fa5-09c192a3c173;EUR;A;128364;2016;2016-09-11T22:00:00.000Z;CLOSED;3370.85
e6c41416-9eeb-4e26-8d6f-d938b569ebcc;USD;B;370271;2020;2020-05-04T22:00:00.000Z;CLOSED;9882.63
18ac275f-0572-4518-bfd4-418d5c6bc387;EUR;B;174937;2019;2019-12-31T23:00:00.000Z;CANCELED;35977.7
364c1fd7-d786-4c9c-94b7-047db39d9072;EUR;C;138803;2020;2020-09-18T22:00:00.000Z;IN PROGRESS;13869.91
a6698b9e-3352-41ac-ad9b-cebded995ae5;CHF;A;380067;2018;2018-08-21T22:00:00.000Z;CLOSED;11695.8
fffdcee6-ddbc-43cc-b4e6-1615431f6b09;CHF;B;380067;2018;2018-08-05T22:00:00.000Z;CLOSED;25262.28
fed8113e-bc08-4249-9cb3-62ed11c6f3a8;EUR;B;370271;2019;2019-09-13T22:00:00.000Z;CLOSED;20687.49
4da4cf01-1aee-4204-bbbf-17b213c4bbc7;USD;B;370271;2017;2017-07-19T22:00:00.000Z;CANCELED;29232.46
11b8226d-a485-4e7a-b123-57082a756276;EUR;C;194002;2018;2018-08-19T22:00:00.000Z;CLOSED;19807.61
1a3396c5-639b-4c0e-8f1c-dfb13d3609d2;USD;B;128364;2017;2017-07-20T22:00:00.000Z;CLOSED;37224.12
daef7bbd-3d0e-4041-8d5b-31a78bf26851;EUR;B;319492;2017;2017-02-12T23:00:00.000Z;CANCELED;23842.37
917d29be-35b9-4bff-8087-dbf0db985eb7;USD;B;194002;2019;2019-02-15T23:00:00.000Z;CLOSED;41535.84
243a78d7-ee1c-4d08-be0c-2f28ea535d97;CHF;A;380067;2017;2017-10-03T22:00:00.000Z;CANCELED;38417.39
7a3091e3-0c04-4102-82fb-2b5506ed1071;EUR;B;348189;2018;2018-09-01T22:00:00.000Z;CANCELED;23955.87
b6855166-8612-418b-8d00-1676aebe7125;EUR;A;138803;2018;2018-02-06T23:00:00.000Z;CLOSED;28384.44
cabd6359-5e44-4f6f-a59a-cb962f31e66e;USD;B;194002;2018;2018-08-07T22:00:00.000Z;CANCELED;20299.48
c30cdce6-d4bb-4d62-b735-19756646db94;USD;A;174937;2018;2018-02-17T23:00:00.000Z;CANCELED;15354.05
fc14358a-42d5-424b-b96a-87492342e11e;USD;B;128364;2019;2019-07-22T22:00:00.000Z;CLOSED;42337.8
69c9003e-4aa3-47c6-a2b4-a638fd0c59a4;USD;B;138803;2019;2019-06-25T22:00:00.000Z;CLOSED;30491.77
d248ae30-5e75-40ba-8431-f5686bb2e270;USD;B;348189;2018;2018-12-18T23:00:00.000Z;CLOSED;2005.4
8ecd648f-4b94-47fc-92b1-edb82e5f0bae;USD;C;194002;2017;2018-01-03T23:00:00.000Z;CLOSED;41164.9
290f8b52-70ac-4431-bffa-fcbff03d7e5b;CHF;A;174937;2016;2016-12-08T23:00:00.000Z;CLOSED;27567.21
0e75c68e-8030-463d-b443-f1977b53726f;EUR;C;128364;2016;2016-03-07T23:00:00.000Z;CANCELED;33276.33
469a4e8d-4873-4103-9d96-8b7a8519e3ff;CHF;B;348189;2018;2018-10-19T22:00:00.000Z;CANCELED;16412.32
3f361195-af39-465d-be5a-672a83ed3ff8;EUR;C;319492;2020;2020-10-13T22:00:00.000Z;IN PROGRESS;21037.52
5de51a8b-166b-4b0a-b6a3-099ab5537445;CHF;A;380067;2019;2020-01-11T23:00:00.000Z;CANCELED;12605.8
64d5267f-d115-4bc5-9f98-9a78cb2f86e0;USD;A;174937;2016;2016-10-30T23:00:00.000Z;CLOSED;21344.11
2b1f6cce-7d4a-4390-88f0-cb948492863a;EUR;B;380067;2019;2019-12-12T23:00:00.000Z;CLOSED;18713.12
b6168cf4-f523-4911-b6e1-159a140afe3e;USD;B;388640;2019;2019-12-23T23:00:00.000Z;CANCELED;18255.01
4c32acbc-7558-4e11-89d6-b4a376ea2045;CHF;C;194002;2019;2019-03-02T23:00:00.000Z;CLOSED;3267.17
770fcd80-7369-4724-84a5-228de35c1ca6;USD;A;388640;2018;2018-06-25T22:00:00.000Z;CANCELED;6718.89
12ed82cf-8f46-4925-abb9-ce253759da04;USD;B;138803;2017;2017-06-30T22:00:00.000Z;CANCELED;10520.51
18c495e7-d873-4d0d-afec-4350903d83ca;USD;A;380067;2019;2019-11-10T23:00:00.000Z;CLOSED;1429.4
79a3eb3d-805a-4252-99cd-b61668775749;EUR;A;370271;2017;2017-03-14T23:00:00.000Z;CANCELED;4979.1
c58f1350-8286-4e44-baca-8e5b3af45019;USD;C;194002;2018;2018-08-22T22:00:00.000Z;CANCELED;18148.53
906391dc-79d9-4ed6-b7ef-c95266670274;CHF;B;138803;2018;2019-01-30T23:00:00.000Z;CANCELED;11316.18
8d81e79b-8188-4669-9808-e2a13dbcc029;USD;A;380067;2018;2018-11-21T23:00:00.000Z;CLOSED;39605.37
dbf68ba3-9f18-4464-81a5-6141952fcc82;USD;A;194002;2018;2018-06-30T22:00:00.000Z;CLOSED;19184.64
c1b07dec-aff2-4572-819d-f9bafba1112e;EUR;B;138803;2018;2018-12-27T23:00:00.000Z;CLOSED;393.55
e3517636-6eea-430c-8a76-1498704c8a15;EUR;C;370271;2020;2020-03-02T23:00:00.000Z;IN PROGRESS;14938.77
9ec571ef-cc1d-4a3a-8661-0bf128b92bf4;CHF;C;370271;2017;2017-10-11T22:00:00.000Z;CANCELED;1482.71
88960280-94af-4faf-83f7-0ebc717260ec;CHF;B;348189;2018;2018-02-27T23:00:00.000Z;CLOSED;24452.67
480e7b71-c8b9-4bb0-9a88-277989844ad0;USD;B;138803;2018;2018-10-16T22:00:00.000Z;CLOSED;9239.14
774e2c68-7c8f-4f2f-96c7-dd9399986629;EUR;B;370271;2018;2018-05-26T22:00:00.000Z;CLOSED;13423.2
0ed89b34-4cdd-437a-8fed-217dbab93f62;USD;B;380067;2019;2019-06-26T22:00:00.000Z;CLOSED;6524.85
e73c90d3-e47c-4900-ab21-2d2114c7f3d0;EUR;B;138803;2019;2019-10-06T22:00:00.000Z;CANCELED;18989.72
c3ccb5b3-a30b-433b-a83e-ed32f359e507;CHF;A;120358;2017;2017-07-25T22:00:00.000Z;CLOSED;12940.74
070bbfc1-5076-4679-9dbe-bd34138b4fba;USD;C;388640;2018;2018-02-23T23:00:00.000Z;CLOSED;15370.13
aef366cf-fb16-49ae-bee8-1b8a568c65c9;EUR;B;194002;2017;2017-02-15T23:00:00.000Z;CLOSED;19109.43
2e010ca8-d613-4fa1-914a-40d80e0aee20;USD;C;174937;2016;2016-10-16T22:00:00.000Z;CLOSED;13842.82
8d49f207-8cfb-4ec7-ac75-867f170fd8a7;CHF;B;319492;2018;2018-08-09T22:00:00.000Z;CANCELED;32627.78
9c905ad9-a35b-40aa-83ad-afdcefb6c2dd;USD;B;319492;2018;2018-05-31T22:00:00.000Z;CANCELED;7818.36
52731607-ef92-41f4-b295-675246f11fbf;CHF;C;138803;2020;2020-05-09T22:00:00.000Z;OPEN;18102.01
5ab9fa74-e29c-4fe8-b2e0-da7c477bb4a3;USD;B;319492;2020;2020-11-05T23:00:00.000Z;OPEN;28044.01
42a500e8-278c-44ac-9bec-3b34754f099b;USD;A;388640;2019;2019-04-14T22:00:00.000Z;CLOSED;21202.59
b1d470ab-cc72-4722-9b02-0923b3ea8d89;EUR;A;194002;2020;2020-06-25T22:00:00.000Z;DELAYED;15894.52
2f7fb54b-4244-4590-880d-8ed6469857ee;EUR;B;348189;2019;2019-07-31T22:00:00.000Z;CLOSED;25381.15
db779ec6-89ec-40d0-9684-072b116b8b8b;USD;B;348189;2019;2019-06-23T22:00:00.000Z;CANCELED;8903.66
d009dd70-7e49-4951-9f76-fb83c64885ba;USD;B;370271;2018;2018-12-02T23:00:00.000Z;CLOSED;35423.99
502ade24-8950-4570-8ac5-a211111641bc;CHF;B;120358;2018;2018-08-31T22:00:00.000Z;CLOSED;30267.11
73880cf3-3e37-416d-bf5a-76c7707c90e4;CHF;A;138803;2018;2018-09-18T22:00:00.000Z;CANCELED;16724.15
e2bcc3a5-8350-447f-8069-2e7ad3499fa7;USD;B;194002;2019;2019-09-05T22:00:00.000Z;CANCELED;21895.78
8ff4d125-f4ff-4bb8-b905-c91632281ed1;USD;C;348189;2019;2019-04-09T22:00:00.000Z;CLOSED;36948.51
ffb06833-ea53-4a2d-9d5e-649d7842140e;EUR;A;194002;2019;2019-06-15T22:00:00.000Z;CLOSED;7630.5
58475cbe-734f-4e6c-b553-ae5081c5df85;CHF;A;194002;2019;2020-01-16T23:00:00.000Z;CLOSED;21520.55
1a568c13-bb59-4927-9484-7fd35c6dd1ec;CHF;A;370271;2017;2017-09-18T22:00:00.000Z;CLOSED;31233.52
48a34db0-c747-472f-8afc-3a4ff521f58a;USD;A;380067;2016;2016-12-24T23:00:00.000Z;CANCELED;40050.54
85840643-877f-4dbf-b1e5-879f17b5161c;CHF;B;174937;2019;2019-12-29T23:00:00.000Z;CLOSED;23372.47
6e510243-551d-4344-92e8-7197abf5c239;CHF;A;388640;2017;2018-01-14T23:00:00.000Z;CLOSED;24890.72
bc59c421-d1c3-4860-b68c-8a7673b8e421;USD;B;138803;2020;2020-09-16T22:00:00.000Z;IN PROGRESS;29314
d1a02003-e2fb-4691-aadb-3a3c6e535b6e;USD;C;370271;2019;2019-04-06T22:00:00.000Z;CLOSED;18265.65
e9420a0a-02d4-4e9c-9934-e96cd21ea037;CHF;C;319492;2019;2019-04-19T22:00:00.000Z;CLOSED;10911.9
d73c3cea-51f6-49b2-b619-a0ce672964e4;CHF;B;370271;2017;2017-11-21T23:00:00.000Z;CLOSED;29713.93
fadd0e27-a671-4e7e-b66c-11a359889e26;CHF;A;370271;2018;2018-04-27T22:00:00.000Z;CLOSED;10975.84
c5554834-4b78-4008-8326-0a882bf5e158;USD;A;348189;2018;2018-09-26T22:00:00.000Z;CANCELED;46979.62
6265b466-a070-42ce-bc40-aa728e87a6a1;EUR;A;348189;2019;2019-03-08T23:00:00.000Z;CLOSED;21977.05
8417054c-a50a-49d8-b114-e8f197b35dc4;USD;A;319492;2019;2019-09-04T22:00:00.000Z;CLOSED;14946.48
97bff9de-c9b9-4f1a-85cd-708a5a54d913;EUR;B;120358;2018;2018-03-26T22:00:00.000Z;CLOSED;20542.65
77058325-e419-4c44-97b0-323f8388b3cf;USD;B;380067;2018;2018-10-06T22:00:00.000Z;CLOSED;27318.77
71dcab30-67ee-4494-b2b9-8bd244e939e7;CHF;B;120358;2018;2018-04-30T22:00:00.000Z;CLOSED;16995.13
05c3556d-59e5-42f2-b1d9-10fcb5e34448;EUR;C;120358;2020;2020-08-26T22:00:00.000Z;CLOSED;23692.46
bbcada62-c59e-4cb0-ba73-130987cf983a;USD;C;348189;2018;2018-08-18T22:00:00.000Z;CLOSED;2767.72
4933fab2-2dda-4b28-b741-12256a5e7911;USD;B;194002;2017;2017-05-16T22:00:00.000Z;CANCELED;16286.53
3e0b9bee-f7e7-42d8-9c5b-386edd2bba24;EUR;B;388640;2016;2016-05-18T22:00:00.000Z;CANCELED;31929.06
04540765-3590-41af-8771-7670313f2522;CHF;B;194002;2019;2019-11-04T23:00:00.000Z;CLOSED;9990.08
aafd6bc9-d8ae-4ecc-bdb6-109b49a97381;USD;B;370271;2018;2018-10-28T23:00:00.000Z;CANCELED;10928.85
d0f6cd61-e3d6-4b51-9102-3c95308d6195;USD;B;348189;2019;2019-08-24T22:00:00.000Z;CLOSED;13679.76
66d771a9-5b42-4e93-ac7e-0e6761fbfd2e;CHF;B;380067;2018;2018-11-28T23:00:00.000Z;CANCELED;16165.74
4d85b66d-1d2e-45e1-a616-6c630d5026a4;CHF;C;174937;2020;2021-01-23T23:00:00.000Z;OPEN;24361.99
ab1af94d-f674-41ee-badc-6e54a34d7cc9;CHF;B;174937;2019;2019-07-24T22:00:00.000Z;CLOSED;26679.12
d1019321-4d9b-4fda-8edd-a4bf3a0b3c11;CHF;A;120358;2016;2016-03-07T23:00:00.000Z;CLOSED;8571.01
332434eb-e17b-4691-96a5-df2427d2c6b2;USD;C;194002;2020;2020-05-02T22:00:00.000Z;DELAYED;7756.78
9d82ea02-757e-45ad-82c0-aff7aee6d253;USD;C;120358;2018;2018-02-26T23:00:00.000Z;CANCELED;21969.38
1add3c4e-9e8e-4123-9aa6-3f522563735f;USD;A;319492;2018;2018-10-31T23:00:00.000Z;CANCELED;13729.68
d246a8d7-e42d-4761-a018-c0e9bd81c271;EUR;A;348189;2018;2018-02-10T23:00:00.000Z;CLOSED;1300.89
f034ed26-c542-41a1-a82c-15d71255d567;USD;C;348189;2017;2017-08-08T22:00:00.000Z;CANCELED;5751.2
6a23f65a-1a29-41ce-811b-705bfac5aa16;CHF;A;120358;2018;2018-01-31T23:00:00.000Z;CANCELED;25359.75
ed54c012-6dad-4c81-b59e-03334ebf230a;USD;B;319492;2017;2017-06-10T22:00:00.000Z;CLOSED;13631.29
23deb4a6-afdb-4082-a613-4864d76f527a;EUR;B;380067;2016;2016-05-16T22:00:00.000Z;CANCELED;30895.6
b854c1c3-a098-4fbf-be03-fbec00f6904e;EUR;B;370271;2016;2016-11-16T23:00:00.000Z;CLOSED;24103.95
268035c0-ea39-4f61-bfd8-b63d31e5bb6a;USD;B;388640;2019;2019-03-03T23:00:00.000Z;CANCELED;20045.04
4039c3b4-1c94-49f3-aa10-6cef3880a60c;CHF;B;370271;2018;2018-11-20T23:00:00.000Z;CANCELED;12921.87
cc75133c-4e87-4c96-b0e1-f00e24fb6c7c;USD;B;120358;2019;2019-09-21T22:00:00.000Z;CANCELED;35242.72