fromId;toId
5d16426e-904c-4cea-b713-9a738dc3fd15;0deb4ae2-68a9-4c98-8b83-45d2b1acc70a
b02b1716-e290-45ee-a08a-c0d5f5f2ae3a;a20c2f89-d308-492d-be65-6ea6a89e71fa
77b19cf9-5b0a-48bb-b888-968c350659e4;5d16426e-904c-4cea-b713-9a738dc3fd15
9e2efdbd-bda9-4aa6-a81e-3125cae6c20d;703530a9-47a5-4e4c-8cbe-2e3b9cda5ea6
77b19cf9-5b0a-48bb-b888-968c350659e4;2addc756-1436-4a9e-ae2a-644d939ee32f
5d4fcefd-0677-47e6-838a-91b9a268455e;b02b1716-e290-45ee-a08a-c0d5f5f2ae3a
77b19cf9-5b0a-48bb-b888-968c350659e4;df695e91-059f-4c97-8ed0-f961af88de25
e6934155-f5e4-4b1a-a415-0656c16f18cd;52b60d3e-f877-40b0-b947-abb0f22dda93
cecb93e0-dbeb-43c3-a893-577b6d13344c;9e2efdbd-bda9-4aa6-a81e-3125cae6c20d
dda5f260-5475-466d-8988-500f84b09210;5d4fcefd-0677-47e6-838a-91b9a268455e
e9944b39-d445-44f7-9cf3-66267f077a03;77b19cf9-5b0a-48bb-b888-968c350659e4
72c34590-018e-4190-bde9-9a3324029cfb;ced4bce6-1a64-4b8a-86e5-1ff1cb3f1ea6
72c34590-018e-4190-bde9-9a3324029cfb;e6934155-f5e4-4b1a-a415-0656c16f18cd
b5c0e66e-721b-4d14-9b95-b128977bee6d;56a42a58-97f4-4605-a8d8-5690142ce32d
f095e2d0-c5f2-4e16-b182-3ec7d7021e66;cecb93e0-dbeb-43c3-a893-577b6d13344c
f095e2d0-c5f2-4e16-b182-3ec7d7021e66;e9944b39-d445-44f7-9cf3-66267f077a03
e97cfcd0-e887-4d34-83ac-26664b06f9ea;dda5f260-5475-466d-8988-500f84b09210
72ebff6f-9506-46be-a35d-5cc61965c650;72c34590-018e-4190-bde9-9a3324029cfb
4bd2a50d-5a2f-437d-84c6-e85dc1e71bbb;116d7f28-0041-41be-b918-7c7acf03e10a
4bd2a50d-5a2f-437d-84c6-e85dc1e71bbb;e97cfcd0-e887-4d34-83ac-26664b06f9ea
4bd2a50d-5a2f-437d-84c6-e85dc1e71bbb;f095e2d0-c5f2-4e16-b182-3ec7d7021e66
4bd2a50d-5a2f-437d-84c6-e85dc1e71bbb;b5c0e66e-721b-4d14-9b95-b128977bee6d
04e2be05-1c38-48ed-a482-b1cde339f1b5;72ebff6f-9506-46be-a35d-5cc61965c650
04e2be05-1c38-48ed-a482-b1cde339f1b5;4bd2a50d-5a2f-437d-84c6-e85dc1e71bbb